Gene,Risk,DNA_seq,condition
TP53,0,CTCAAAAGTCTAGAGCCACCGTCCAGGGAGCAGGTAGCTGCTGGGCTCCGGGGACACTTTGCGTTCGGGCTGGGAGCGTGCTTTCCACGACGGTGACACGCTTCCCTGGATTGGGTAAGCTCCTGACTGAACTTGATGAGTCCTCTCTGAGTCACGGGCTCTCGGCTCCGTGTATTTTCAGCTCGGGAAAATCGCTGGGGCTGGGGGTGGGGCAGTGGGGACTTAGCGAGTTTGGGGGTGAGTGGGATGGAAGCTTGGCTAGAGGGATCATCATAGGAGTTGCATTGTTGGGAGACCTGGGTGTAGATGATGGGGATGTTAGGACCATCCGAACTCAAAGTTGAACGCCTAGGCAGAGGAGTGGAGCTTTGGGGAACCTTGAGCCGGCCTAAAGCGTACTTCTTTGCACATCCACCCGGTGCTGGGCGTAGGGAATCCCTGAAATAAAAGATGCACAAAGCATTGAGGTCTGAGACTTTTGGATCTCGAAACATTGAGAACTCATAGCTGTATATTTTAGAGCCCATGGCATCCTAGTGAAAACTGGGGCTCCATTCCGAAATGATCATTTGGGGGTGATCCGGGGAGCCCAAGCTGCTAAGGTCCCACAACTTCCGGACCTTTGTCCTTCCTGGAGCGATCTTTCCAGGCAGCCCCCGGCTCCGCTAGATGGAGAAAATCCAATTGAAGGCTGTCAGTCGTGGAAGTGAGAAGTGCTAAACCAGGGGTTTGCCCGCCAGGCCGAGGAGGACCGTCGCAATCTGAGAGGCCCGGCAGCCCTGTTATTGTTTGGCTCCACATTTACATTTCTGCCTCTTGCAGCAGCATTTCCGGTTTCTTTTTTGCCGGAGCAGCTCACTATTCACCCGATGAGAGGGGAGGAGAGAGAGAAAATGTCCTTTAGGCCGGTTCCTCTTACTTGGCAGAGGGAGGCTGCTATTCTCCGCCTGCATTTCTTTTTCTGGATTACTTAGTTATGGCCTTTGCAAAGGCAGGGGTATTTGTTTTGATGCAAACCTCAATCCCTCCCCTTCTTTGAATGGTGTGCCCCACCCCGCGGGTCGCCTGCAACCTAGGCGGACGCTACCATGGCGTGAGACAGGGAGGGAAAGAAGTGTGCAGAAGGCAAGCCCGGAGGTATTTTCAAGAATGAGTATATCTCATCTTCCCGGAGGAAAAAAAAAAAGAATGGGTACGTCTGAGAATCAAATTTTGAAAGAGTGCAATGATGGGTCGTTTGATAATTTGTCGGAAAAACAATCTACCTGTTATCTAGCTTTGGGCTAGGCCATTCCAGTTCCAGACGCAGGCTGAACGTCGTGAAGCGGAAGGGGCGGGCCCGCAGGCGTCCGTGTGGTCCTCCGTGCAGCCCTCCGGCCCGAGCCGGTTCTTCCTGGTAGGAGGCGGAACTCGAATTCATTTCTCCCGCTGCCCCATCTCTTAGCTCGCGGTTGTTTCATTCCGCAGTTTCTTCCCATGCACCTGCCGCGTACCGGCCACTTTGTGCCGTACTTACGTCATCTTTTTCCTAAATCGAGGTGGCATTTACACACAGCGCCAGTGCACACAGCAAGTGCACAGGAAGATGAGTTTTGGCCCCTAACCGCTCCGTGATGCCTACCAAGTCACAGACCCTTTTCATCGTCCCAGAAACGTTTCATCACGTCTCTTCCCAGTCGATTCCCGACCCCACCTTTATTTTGATCTCCATAACCATTTTGCCTGTTGGAGAACTTCATATAGAATGGAATCAGGCTGGGCGCTGTGGCTCACGCCTGCACTTTGGGAGGCCGAGGCGGGCGGATTACTTGAGGATAGGAGTTCCAGACCAGCGTGGCCAACGTGGTGAATCCCCGTCTCTACTAAAAAATACAAAAATTAGCTGGGCGTGGTGGGTGCCTGTAATCCCAGCTATTCGGGAGGGTGAGGCAGGAGAATCGCTTGAACCCGGGAGGCAGAGGTTGCAGTGAGCCAAGATCGTGCCACTACACTCCAGCCTGGGCGACAAGAACGAAACTCCGTCTCAAAAAAAAAGGGGGGAATCATACATTATGTGCTCATTTTTGTCGGGCTTCTGTCCTTCAATGTACTGTCTGACATTCGTTCATGTTGTATATATCAGTATTTTGCTCCTTTTCATTTAGTATAGTCCATCGATTGTATATCCGTCCTTTTGATGGCCTTTTGAGTTGTTTCCCATTTGCGGTTATGAAATAAAGCTGCTATAAACATTCTTGTACAATTCTTTTTGTGATCATATGTTTTCGTGTTTCTTGGAGAAATACTTAGGAGGGGAATTGCGAGTTTGGAAGTAAAAAGTAGCTGTATTTTGAACTTTTTCAGAAGCTCTGAGTTTTCCAGAGCGGTTGTACCATTTTACACTCCAACTAGCAAGGTATGGGAGTTATTATGGTTGTGCCACAGCCTTCCGGACATTAGGTATTGTCAGTCTTTCTAATGTGGTATATCCTTGTGGTTGTAATTTACAGTTCTCTATTGACTAAGGATGTTCAGCATTTTTTCATGTGCCTATTGGCCATTCGTATTTTGTTTGTAAAGTAGCTCTTCGAGTCTTTTACCTGTTATTTTGGTTTTTTGTTTGTTTTTATTGTTCAGTTGTGGGACTGCTTTATACATTCTGGATACAAGTCCTTTATCAGATCCATGTGTCGTGAATGTTTTCTTCTGATCTGTTGCTTGCCTATTTGTTTGCTTTACAGAGTTTACAGTATCTTAAGAGGAGTGGATTTATCTTTTTTATGTTCAGTATTTGCCTTGTCCTGTTTAGGACATCTTTTTTTTTTTTTTTAACCCCAGGGTCATGAAGATATTATCTTACATTTTCTTTTAGGACCTTTATGGTTGTAAGTTTTACAGTAAGGTCCTTGAGCCATTAATTAATTCTTAAAATTAATTGTTTATGGTGTGAGGTGTAGGAGTCAGTCTCTGGTATCTTTCCTGTATGGAAATCCAGTTATTCTGTCTCCACTTGTTGAAATAGGCTTCCTTTCTCTACTGAATGCTTTTAATTTTAATTATTTTACAGTTGGAGTATAGGGCTACCATTTTAGTGCTATTTTCTTTTTTTCTTTGTTAATTTTTGAGACAGGGACTCACACTGTTGCCCAGGCTAGAGTACAATGGCACAATCAAGGCTTACTGCAGCCTCGAACCCCTGGGCTCAAGCAGTCCTCTAGCAGCCTCACGAGTAGCTGGGATTACTCCACCACACCCAGCTAACTATTTTATTTTTTTGTATTGACAGGATCTCACTATGTTGCCCAGGCTGGTCTCAAACTGCTGGCCTCAAGCTTTCATCCCATCTCGGCCTCCCAAAGTGCTGGGATTACAGGTGTGAGCCACCATGCCTGACCTCTTAGTGCTATTTTCTATTTATCTCCTCTGTTCTCTGCTCTCTTTAAACGTTGGAGGAAGAAACAGTACCCATCTTACACAAACTCTTCAGAAAACAGAGGAACAGACTGGGCGCGGTGGCTCATACCTGTAATCTCAGCACTTTGGTACGCTGAGGCAGGGGATCATTTGAGGTCGGGAGTTCGAGACCAGCCTGGCCAACACGGCGAAACCCCATCTCTACTAAAAATACAAAAAGTAGCTAGGCGTGGTGACACATACCTGTAATGCCAGTTACTCAGGAGGCTGAGGCACAAGAATCCCTTGAACCTGGGAAGCGGAGGTTGCAGTGAGCCGAGATTGCGCCACTGCACTCCAGCCTGGGCAACAGAGTGAGACCCTGTCTCAGAAAAAAAAAGAAAGAAAGAAAAAATAGAGGAATATTTCCCAACTTGTTTTCGAAGCCAGCATAATCCTGGTACCAAAACCAAACAAGGACATTATAAGAAAAGAAAATATAGACCAATATTCCTGTTAGCATAGACATGCAACAGCTAACCAATTTTAGCAAACCAAACCTGGTAATATAGAAAAAAGGATAAATAGGCCAGTCGCGGTGGCT,cancer
TP53,1,GGTGCCCTATGAGCCGCCTGAGGTTGGCTCTGACTGTACCACCATCCACTACAACTACATGTGTAACAGTTCCTGCATGGGCGGCATGAACCGGAGGCCCATCCTCACCATCATCACACTGGAAGACTCCAGTGGTAATCTACTGGGACGGAACAGCTTTGAGGTGCGTGTTTGTGCCTGTCCTGGGAGAGACCGGCGCACAGAGGAAGAGAATCTCCGCAAGAAAGGGGAGCCTCACCACGAGCTGCCCCCAGGGAGCACTAAGCGAGCACTGCCCAACAACACCAGCTCCTCTCCCCAGCCAAAGAAGAAACCACTGGATGGAGAATATTTCACCCTTCAGATCCGTGGGCGTGAGCGCTTCGAGATGTTCCGAGAGCTGAATGAGGCCTTGGAACTCAAGGATGCCCAGGCTGGGAAGGAGCCAGGGGGGAGCAGGGCTCACTCCAGCCACCTGAAGTCCAAAAAGGGTCAGTCTACCTCCCGCCATAAAAAACTCATGTTCAAGACAGAAGGGCCTGACTCAGACTGACATTCTCCACTTCTTGTTCCCCACTGACAGCCTCCCACCCCCATCTCTCCCTCCCCTGCCATTTTGGGTTTTGGGTCTTTGAACCCTTGCTTGCAATAGGTGTGCGTCAGAAGCACCCAGGACTTCCATTTGCTTTGTCCCGGGGCTCCACTGAACAAGTTGGCCTGCACTGGTGTTTTGTTGTGGGGAGGAGGATGGGGAGTAGGACATACCAGCTTAGATTTTAAGGTTTTTACTGTGAGGGATGTTTGGGAGATGTAAGAAATGTTCTTGCAGTTAAGGGTTAGTTTACAATCAGCCACATTCTAGGTAGGGGCCCACTTCACCGTACTAACCAGGGAAGCTGTCCCTCACTGTTGAATTTTCTCTAACTTCAAGGCCCATATCTGTGAAATGCTGGCATTTGCACCTACCTCACAGAGTGCATTGTGAGGGTTAATGAAATAATGTACATCTGGCCTTGAAACC,cancer
TP53,2,GCCGCCTGAGGTTGGCTCTGACTGTACCACCATCCACTACAACTACATGTGTAACAGTTCCTGCATGGGCGGCATGAACCGGAGGCCCATCCTCACCATCATCACACTGGAAGACTCCAGTGGTAATCTACTGGGACGGAACAGCTTTGAGGTGCGTGTTTGTGCCTGTCCTGGGAGAGACCGGCGCACAGAGGAAGAGAATCTCCGCAAGAAAGGGGAGCCTCACCACGAGCTGCCCCCAGGGAGCACTAAGCGAGCACTGCCCAACAACACCAGCTCCTCTCCCCAGCCAAAGAAGAAACCACTGGATGGAGAATATTTCACCCTTCAGATCCGTGGGCGTGAGCGCTTCGAGATGTTCCGAGAGCTGAATGAGGCCTTGGAACTCAAGGATGCCCAGGCTGGGAAGGAGCCAGGGGGGAGCAGGGCTCACTCCAGCCACCTGAAGTCCAAAAAGGGTCAGTCTACCTCCCGCCATAAAAAACTCATGTTCAAGACAGAAGGGCCTGACTCAGACTGACATTCTCCACTTCTTGTTCCCCACTGACAGCCTCCCACCCCCATCTCTCCCTCCCCTGCCATTTTGGGTTTTGGGTCTTTGAACCCTTGCTTGCAATAGGTGTGCGTCAGAAGCACCCAGGACTTCCATTTGCTTTGTCCCGGGGCTCCACTGAACAAGTTGGCCTGCACTGGTGTTTTGTTGTGGGGAGGAGGATGGGGAGTAGGACATACCAGCTTAGATTTTAAGGTTTTTACTGTGAGGGATGTTTGGGAGATGTAAGAAATGTTCTTGCAGTTAAGGGTTAGTTTACAATCAGCCACATTCTAGGTAGGGGCCCACTTCACCGTACTAACCAGGGAAGCTGTCCCTCACTGTTGAATTTTCTCTAACTTCAAGGCCCATATCTGTGAAATGCTGGCATTTGCACCTACCTCACAGAGTGCATTGTGAGGGTTAATGAAATAATGTACATCTGGCCTTGAAACCACCTTTTATTAC,cancer
TP53,3,GTTGGCTCTGACTGTACCACCATCCACTACAACTACATGTGTAACAGTTCCTGCATGGGCGGCATGAACCGGAGGCCCATCCTCACCATCATCACACTGGAAGACTCCAGTGGTAATCTACTGGGACGGAACAGCTTTGAGGTGCGTGTTTGTGCCTGTCCTGGGAGAGACCGGCGCACAGAGGAAGAGAATCTCCGCAAGAAAGGGGAGCCTCACCACGAGCTGCCCCCAGGGAGCACTAAGCGAGCACTGCCCAACAACACCAGCTCCTCTCCCCAGCCAAAGAAGAAACCACTGGATGGAGAATATTTCACCCTTCAGATCCGTGGGCGTGAGCGCTTCGAGATGTTCCGAGAGCTGAATGAGGCCTTGGAACTCAAGGATGCCCAGGCTGGGAAGGAGCCAGGGGGGAGCAGGGCTCACTCCAGCCACCTGAAGTCCAAAAAGGGTCAGTCTACCTCCCGCCATAAAAAACTCATGTTCAAGACAGAAGGGCCTGACTCAGACTGACATTCTCCACTTCTTGTTCCCCACTGACAGCCTCCCACCCCCATCTCTCCCTCCCCTGCCATTTTGGGTTTTGGGTCTTTGAACCCTTGCTTGCAATAGGTGTGCGTCAGAAGCACCCAGGACTTCCATTTGCTTTGTCCCGGGGCTCCACTGAACAAGTTGGCCTGCACTGGTGTTTTGTTGTGGGGAGGAGGATGGGGAGTAGGACATACCAGCTTAGATTTTAAGGTTTTTACTGTGAGGGATGTTTGGGAGATGTAAGAAATGTTCTTGCAGTTAAGGGTTAGTTTACAATCAGCCACATTCTAGGTAGGGGCCCACTTCACCGTACTAACCAGGGAAGCTGTCCCTCACTGTTGAATTTTCTCTAACTTCAAGGCCCATATCTGTGAAATGCTGGCATTTGCACCTACCTCACAGAGTGCATTGTGAGGGTTAATGAAATAATGTACATCTGGCCTTGAAACCACCTTTTATTACATGGGGTCTA,cancer
TP53,4,CCACCATGAGCGCTGCTCAGATAGCGATGGTCTGGCCCCTCCTCAGCATCTTATCCGAGTGGAAGGAAATTTGCGTGTGGAGTATTTGGATGACAGAAACACTTTTCGACATAGTGTGGTGGTGCCCTATGAGCCGCCTGAGGTTGGCTCTGACTGTACCACCATCCACTACAACTACATGTGTAACAGTTCCTGCATGGGCGGCATGAACCGGAGGCCCATCCTCACCATCATCACACTGGAAGACTCCAGTGGTAATCTACTGGGACGGAACAGCTTTGAGGTGCGTGTTTGTGCCTGTCCTGGGAGAGACCGGCGCACAGAGGAAGAGAATCTCCGCAAGAAAGGGGAGCCTCACCACGAGCTGCCCCCAGGGAGCACTAAGCGAGCACTGCCCAACAACACCAGCTCCTCTCCCCAGCCAAAGAAGAAACCACTGGATGGAGAATATTTCACCCTTCAGATCCGTGGGCGTGAGCGCTTCGAGATGTTCCGAGAGCTGAATGAGGCCTTGGAACTCAAGGATGCCCAGGCTGGGAAGGAGCCAGGGGGGAGCAGGGCTCACTCCAGCCACCTGAAGTCCAAAAAGGGTCAGTCTACCTCCCGCCATAAAAAACTCATGTTCAAGACAGAAGGGCCTGACTCAGACTGACATTCTCCACTTCTTGTTCCCCACTGACAGCCTCCCACCCCCATCTCTCCCTCCCCTGCCATTTTGGGTTTTGGGTCTTTGAACCCTTGCTTGCAATAGGTGTGCGTCAGAAGCACCCAGGACTTCCATTTGCTTTGTCCCGGGGCTCCACTGAACAAGTTGGCCTGCACTGGTGTTTTGTTGTGGGGAGGAGGATGGGGAGTAGGACATACCAGCTTAGATTTTAAGGTTTTTACTGTGAGGGATGTTTGGGAGATGTAAGAAATGTTCTTGCAGTTAAGGGTTAGTTTACAATCAGCCACATTCTAGGTAGGGGCCCACTTCACCGTACTAACCAGGGAAGCTGTC,cancer
TP53,5,GCGCTGCTCAGATAGCGATGGTCTGGCCCCTCCTCAGCATCTTATCCGAGTGGAAGGAAATTTGCGTGTGGAGTATTTGGATGACAGAAACACTTTTCGACATAGTGTGGTGGTGCCCTATGAGCCGCCTGAGGTTGGCTCTGACTGTACCACCATCCACTACAACTACATGTGTAACAGTTCCTGCATGGGCGGCATGAACCGGAGGCCCATCCTCACCATCATCACACTGGAAGACTCCAGTGGTAATCTACTGGGACGGAACAGCTTTGAGGTGCGTGTTTGTGCCTGTCCTGGGAGAGACCGGCGCACAGAGGAAGAGAATCTCCGCAAGAAAGGGGAGCCTCACCACGAGCTGCCCCCAGGGAGCACTAAGCGAGCACTGCCCAACAACACCAGCTCCTCTCCCCAGCCAAAGAAGAAACCACTGGATGGAGAATATTTCACCCTTCAGATCCGTGGGCGTGAGCGCTTCGAGATGTTCCGAGAGCTGAATGAGGCCTTGGAACTCAAGGATGCCCAGGCTGGGAAGGAGCCAGGGGGGAGCAGGGCTCACTCCAGCCACCTGAAGTCCAAAAAGGGTCAGTCTACCTCCCGCCATAAAAAACTCATGTTCAAGACAGAAGGGCCTGACTCAGACTGACATTCTCCACTTCTTGTTCCCCACTGACAGCCTCCCACCCCCATCTCTCCCTCCCCTGCCATTTTGGGTTTTGGGTCTTTGAACCCTTGCTTGCAATAGGTGTGCGTCAGAAGCACCCAGGACTTCCATTTGCTTTGTCCCGGGGCTCCACTGAACAAGTTGGCCTGCACTGGTGTTTTGTTGTGGGGAGGAGGATGGGGAGTAGGACATACCAGCTTAGATTTTAAGGTTTTTACTGTGAGGGATGTTTGGGAGATGTAAGAAATGTTCTTGCAGTTAAGGGTTAGTTTACAATCAGCCACATTCTAGGTAGGGGCCCACTTCACCGTACTAACCAGGGAAGCTGTCCCTCACTGT,cancer
pRb,0,ATGCCGCCCAAAACCCCCCGAAAAACGGCCGCCACCGCCGCCGCTGCCGCCGCGGAACCCCCGGCACCGCCGCCGCCGCCCCCTCCTGAGGAGGACCCAGAGCAGGACAGCGGCCCGGAGGACCTGCCTCTCGTCAGGCTTGAGTTTGAAGAAACAGAAGAACCTGATTTTACTGCATTATGTCAGAAATTAAAGATACCAGATCATGTCAGAGAGAGAGCTTGGTTAACTTGGGAGAAAGTTTCATCTGTGGATGGAGTATTGGGAGGTTATATTCAAAAGAAAAAGGAACTGTGGGGAATCTGTATCTTTATTGCAGCAGTTGACCTAGATGAGATGTCGTTCACTTTTACTGAGCTACAGAAAAACATAGAAATCAGTGTCCATAAATTCTTTAACTTACTAAAAGAAATTGATACCAGTACCAAAGTTGATAATGCTATGTCAAGACTGTTGAAGAAGTATGATGTATTGTTTGCACTCTTCAGCAAATTGGAAAGGACATGTGAACTTATATATTTGACACAACCCAGCAGTTCGATATCTACTGAAATAAATTCCTGCATTGGTGCTAAAAGTTTCTTGGATCACATTTTTATTAGCTAAAGGGGAAGTATTACAAATGGAAGATGATCTGGTGATTTCATTTCAGTTAATGCTATGTGTCCTTGACTATTTTATTAAACTCTCACCTCCCATGTTTGCTCAAAGAACCATATAAAACAGCTGTTATACCCATTAATGGTTCACCTCGAACACCCAGGCGAGGTGAGAACAGGAGTGCACGGATAGCAAAACAACTAGAAAATGATACAAGAATTATTGAAGTTCTCTGTAAAGAACATGAATGTAATATAGATGAGGTGAAAAATGTTTATTTCAAAAATTTTATACCTTTTATGAATTCTCTTGGAACAGTGTAACATCTAATGGACTTCCAGAGGTTGAAAATCTTTCTAAACGATACGAAGAAATTTATCTTAAAAATAAAGATCTAGATGCAAGATTATTTTTGGATCATGATAAAACTCTTCAGACTGATTCTATAGACAGTTTGAAACACAGAGAACACCACGAAAAAGTAACCTTGATGAAGAGGTGAATGTAATTCCTCCACACACTCCAGTTAGGACTGTTATGAACACTATCCAACAATTAATGATGATTTTAAATTCAGCAAGTGATCAACCTTCAGAAAATCTGATTTCCTATTTTAACAACTGCACAGTGAATCCAAAAGAAAGTATACTGAAAAGAGTGAAGGATATAGGATACATCTTTAAAGAGAAATTTGCTAAAGCTGTGGGACAGGGTTGTGTCGAAATTGGATCACAGCGATACAAACTTGGAGTTCGCTTGTATTACCGAGTAATGGAATCCATGCTTAAATCAGAAGAAGAACGATTATCCATTCAAAATTTTAGCAAACTTCTGAATGACAACATTTTTCATATGTCTTTATTGGCGTGCGCTCTTGAGGTTGTAATGGCCACATATAGCAGAAGTACATCTCAGAATCTTGATTCTGGAACAGATTTGTCTTTCCCATGGATTCTGAATGTGCTTAATTTAAAAGCCTTTGATTTTTACAAAGTGATCGAAAGTTTTATCAAAGCAGAAGGCAACTTGACAAGAGAAATGATAAAACATTTAGAACGATGTGAACATCGAATCATGGAATCCTTTGCATGGCTCTCAGATTCACCTTTATTTGATCTTATTAAACAATCAAAGGACCGAGAAGGACCAACTGATCACCTTGAATCTGCTTGTCCTCTTAATCTTCCTCTCCAGAATAATCACACTGCAGCAGATATGTATCTTTCTCCTGTAAGATCTCCAAAGAAAAAAGGTTCAACTACGCGTGTAAATTCTACTGCAAATGCAGAGACCAAGCAACCTCAGCCTTCCAGACCCAGAAGCCATTGAAATCTACCTCTCTTTCACTGTTTTATAAAAAAGTGTATCGGCTAGCCTATCTCCGGCTAAATACACTTTGTGAACGCCTTCTGTCTGAGCACCCAGAATTAGAACATATCATCTGGACCCTTTTCCAGCACACCCTGCAGAATGAGTATGAACTCATGAGAGACAGGCATTTGGACCAAATTATGATGTGTTCCATGTATGGCATATGCAAAGTGAAGAATATAGACCTTAAATTCAAAATCATTGTAACAGCATACAAGGATCTTCCTCATGCTGTTCAGGAGACATTCAAACGTGTTTTGATCAAAGAAGGGGAGTATGATTCTATTATAGTATTCTATAACTCGGTCTTCATGCAGAGACTGAAAACAAATATTTTGCAGTATGCTTCCACCAGGCCCCCTACCTTGTCACCAATACCTCACATTCCTCGAAGCCCTTACAAGTTTCCTAGTTCACCCTTACGGATTCCTGGAGGGAACATCTATATTTCACCCCTGAAGAGTCCATATAAAATTTCAGAGGTCTGCCAACACCAACAAAAATGACTCCAAGATCAAGAATCTTAGTATCAATTGGTGAATCATTCGGGACTTCTGAGAAGTTCCAGAAAATAAATCAGATGGTATGTAACAGCGACCGTGTGCTCAAAAGAAGTGCTGAAGGAAGCAACCCTCCTAAACCACTGAAAAAACTACGCTTTGATATTGAAGGATCAGATGAAGCAGATGGAA,"retinoblastoma, osteosarcoma and small lung cell cancer"
pRb,4,GGAGCTTCTGGACATCAAGCTGGCCCTGGACATGGAGATCCACGCCTACCGCAAGCTCTTGGAGGGCGAGGAGGAGAGGCTACGCCTGTCCCCCAGCCCTACCTCGCAGCGCAGCCGTGGCCGTGCTTCCTCTCACTCATCCCAGACACAGGGTGGGGGCAGCGTCACCAAAAAGCGCAAACTGGAGTCCACTGAGAGCCGCAGCAGCTTCTCACAGCACGCACGCACTAGCGGGCGCGTGGCCGTGGAGGAGGTGGATGAGGAGGGCAAGTTTGTCCGGCTGCGCAACAAGTCCAATGAGGACCAGTCCATGGGCAATTGGCAGATCAAGCGCCAGAATGGAGATGATCCCTTGCTGACTTACCGGTTCCCACCAAAGTTCACCCTGAAGGCTGGGCAGGTGGTGACGATCTGGGCTGCAGGAGCTGGGGCCACCCACAGCCCCCCTACCGACCTGGTGTGGAAGGCACAGAACACCTGGGGCTGCGGGAACAGCCTGCGTACGGCTCTCATCAACTCCACTGGGGAAGAAGTGGCCATGCGCAAGCTGGTGCGCTCAGTGACTGTGGTTGAGGACGACGAGGATGAGGATGGAGATGACCTGCTCCATCACCACCACGGCTCCCACTGCAGCAGCTCGGGGGACCCCGCTGAGTACAACCTGCGCTCGCGCACCGTGCTGTGCGGGACCTGCGGGCAGCCTGCCGACAAGGCATCTGCCAGCGGCTCAGGAGCCCAGGTGGGCGGACCCATCTCCTCTGGCTCTTCTGCCTCCAGTGTCACGGTCACTCGCAGCTACCGCAGTGTGGGGGGCAGTGGGGGTGGCAGCTTCGGGGACAATCTGGTCACCCGCTCCTACCTCCTGGGCAACTCCAGCCCCCGAACCCAGAGCCCCCAGAACTGCAGCATCATGTAATCTGGGACCTGCCAGGCAGGGGTGGGGGTGGAGGCTTCCTGCGTCCTCCTCACCTCATGCCCACCCCCTGCCCTGCACGTCATG,"retinoblastoma, osteosarcoma and small lung cell cancer"
pRb,5,GGTGGATGGCCCATCTGAGCGGCCAGCCCTGTGCTTCTTGCTGTTGGCTGTGGCAATGTCTTTCTTCGGCTCAGCTCTATCCATAGATGAAACACGGGCGCATCTGTTGTTGAAAGAAAAGATGATGCGGCTGGGGGGGCGGCTGGTGCTGAACACCAAGGAGGAGCTGGCCAATGAGAGGCTCATGACGCTCAAAATCGCTGAGATGAAGGAGGCCATGAGGACCCTGATATTCCCACCCAGCATGCACTTTTTCCAGGCCAAGCATCTCATTGAGAGAGTCAAGTGTTTAATATTCTAAGGATGATGCCAAAAGGGGCTGCCTTGCACCTCCATGACATTGGCATCGTGACTATGGACTGGCTGGTGAGGAATGTCACCTACAGGCCTCACTGCCACATCTGTTTCACCCCAAGGGGATCATGCAGTTCAGATTTGCTCACCCAACTCCCCGTCCATCAGAAAAATGTTCCAAGTGGATTCTGCTGGAGGATTATCGGAAGCGGGTGCAGAACGTCACTGAGTTTGATGACAGCTTGCTGAGGAATTTCACTCTGGTGACCCAGCACCCGGAGGTGATTTACACAAACCAAAATGTTGTCTGGTCGAAATTTGAAACCATCTTCTTCACCATCTCTGGTCTCATCCATTACGCACCAGTGTTCAGAGACTATGTCTTCCGGAGCATGCAGGAGTTCTACGAGGACAACGTGCTCTACATGGAGATCAGAGCCAGGCTGCTGCCGGTGTATGAGCTCAGTGGAGAGCACCATGACGAAGAGTGGTCAGTGAAGACTTACCAGGAAGTAGCTCAGAAGTTTGTGGAAACTCACCCTGAGTTTATTGGAATCAAAATCATTTATTCGGATCACAGATCCAAAGATGTGGCTGTCATCGCAGAATCCATCCGAATGGCCATGGGGCTCCGAATCAAGTTCCCCACGGTGGTGGCAGGGTTTGACCTGGTGGGGCATGAGGACACTGGCCACTCCTTGCAT,"retinoblastoma, osteosarcoma and small lung cell cancer"
pRb,5,GAGAGCAGGCAGCGGGCGGCGGGGAGCAGCATGGAGCCGGCGGCGGGGAGCAGCATGGAGCCTTCGGCTGACTGGCTGGCCACGGCCGCGGCCCGGGGTCGGGTAGAGGAGGTGCGGGCGCTGCTGGAGGCGGGGGCGCTGCCCAACGCACCGAATAGTTACGGTCGGAGGCCGATCCAGGTCATGATGATGGGCAGCGCCCGAGTGGCGGAGCTGCTGCTGCTCCACGGCGCGGAGCCCAACTGCGCCGACCCCGCCACTCTCACCCGACCCGTGCACGACGCTGCCCGGGAGGGCTTCCTGGACACGCTGGTGGTGCTGCACCGGGCCGGGGCGCGGCTGGACGTGCGCGATGCCTGGGGCCGTCTGCCCGTGGACCTGGCTGAGGAGCTGGGCCATCGCGATGTCGCACGGTACCTGCGCGCGGCTGCGGGGGGCACCAGAGGCAGTAACCATGCCCGCATAGATGCCGCGGAAGGTCCCTCAGACATCCCCGATTGAAAGAACCAGAGAGGCTCTGAGAAACCTCGGGAAACTTAGATCATCAGTCACCGAAGGTCCCTACAGGGCCACAACTGCCCCCGCCACAACCCACCCCGCTTTCGTAGTTTTCATTTAGAAAATAGAGCTTTTAAAAATGTCCTGCCTTTTAACGTAGATATATGCCTTCCCCCACTACCGTAAATGTCCATTTATATCATTTTTTATATATTCTTATAAAAATGTAAAAAAGAAAAACACCGCTTCTGCCTTTTCACTGTGTTGGAGTTTTCTGGAGTGAGCACTCACGCCCTAAGCGCACATTCATGTGGGCATTTCTTGCGAGCCTCGCAGCCTCCGGAAGCTGTCGACTTCATGACAAGCATTTTGTGAACTAGGGAAGCTCAGGGGGGTTACTGGCTTCTCTTGAGTCACACTGCTAGCAAATGGCAGAACCAAAGCTCAAATAAAAATAAAATAATTTTCATTCATTCACTCA,"retinoblastoma, osteosarcoma and small lung cell cancer"
KRAS,0,ATGCCGCCCAAAACCCCCCGAAAAACGGCCGCCACCGCCGCCGCTGCCGCCGCGGAACCCCCGGCACCGCCGCCGCCGCCCCCTCCTGAGGAGGACCCAGAGCAGGACAGCGGCCCGGAGGACCTGCCTCTCGTCAGGCTTGAGTTTGAAGAAACAGAAGAACCTGATTTTACTGCATTATGTCAGAAATTAAAGATACCAGATCATGTCAGAGAGAGAGCTTGGTTAACTTGGGAGAAAGTTTCATCTGTGGATGGAGTATTGGGAGGTTATATTCAAAAGAAAAAGGAACTGTGGGGAATCTGTATCTTTATTGCAGCAGTTGACCTAGATGAGATGTCGTTCACTTTTACTGAGCTACAGAAAAACATAGAAATCAGTGTCCATAAATTCTTTAACTTACTAAAAGAAATTGATACCAGTACCAAAGTTGATAATGCTATGTCAAGACTGTTGAAGAAGTATGATGTATTGTTTGCACTCTTCAGCAAATTGGAAAGGACATGTGAACTTATATATTTGACACAACCCAGCAGTTCGATATCTACTGAAATAAATTCCTGCATTGGTGCTAAAAGTTTCTTGGATCACATTTTTATTAGCTAAAGGGGAAGTATTACAAATGGAAGATGATCTGGTGATTTCATTTCAGTTAATGCTATGTGTCCTTGACTATTTTATTAAACTCTCACCTCCCATGTTTGCTCAAAGAACCATATAAAACAGCTGTTATACCCATTAATGGTTCACCTCGAACACCCAGGCGAGGTGAGAACAGGAGTGCACGGATAGCAAAACAACTAGAAAATGATACAAGAATTATTGAAGTTCTCTGTAAAGAACATGAATGTAATATAGATGAGGTGAAAAATGTTTATTTCAAAAATTTTATACCTTTTATGAATTCTCTTGGAACAGTGTAACATCTAATGGACTTCCAGAGGTTGAAAATCTTTCTAAACGATACGAAGAAATTTATCTTAAAAATAAAGATCTAGATGCAAGATTATTTTTGGATCATGATAAAACTCTTCAGACTGATTCTATAGACAGTTTGAAACACAGAGAACACCACGAAAAAGTAACCTTGATGAAGAGGTGAATGTAATTCCTCCACACACTCCAGTTAGGACTGTTATGAACACTATCCAACAATTAATGATGATTTTAAATTCAGCAAGTGATCAACCTTCAGAAAATCTGATTTCCTATTTTAACAACTGCACAGTGAATCCAAAAGAAAGTATACTGAAAAGAGTGAAGGATATAGGATACATCTTTAAAGAGAAATTTGCTAAAGCTGTGGGACAGGGTTGTGTCGAAATTGGATCACAGCGATACAAACTTGGAGTTCGCTTGTATTACCGAGTAATGGAATCCATGCTTAAATCAGAAGAAGAACGATTATCCATTCAAAATTTTAGCAAACTTCTGAATGACAACATTTTTCATATGTCTTTATTGGCGTGCGCTCTTGAGGTTGTAATGGCCACATATAGCAGAAGTACATCTCAGAATCTTGATTCTGGAACAGATTTGTCTTTCCCATGGATTCTGAATGTGCTTAATTTAAAAGCCTTTGATTTTTACAAAGTGATCGAAAGTTTTATCAAAGCAGAAGGCAACTTGACAAGAGAAATGATAAAACATTTAGAACGATGTGAACATCGAATCATGGAATCCTTTGCATGGCTCTCAGATTCACCTTTATTTGATCTTATTAAACAATCAAAGGACCGAGAAGGACCAACTGATCACCTTGAATCTGCTTGTCCTCTTAATCTTCCTCTCCAGAATAATCACACTGCAGCAGATATGTATCTTTCTCCTGTAAGATCTCCAAAGAAAAAAGGTTCAACTACGCGTGTAAATTCTACTGCAAATGCAGAGACCAAGCAACCTCAGCCTTCCAGACCCAGAAGCCATTGAAATCTACCTCTCTTTCACTGTTTTATAAAAAAGTGTATCGGCTAGCCTATCTCCGGCTAAATACACTTTGTGAACGCCTTCTGTCTGAGCACCCAGAATTAGAACATATCATCTGGACCCTTTTCCAGCACACCCTGCAGAATGAGTATGAACTCATGAGAGACAGGCATTTGGACCAAATTATGATGTGTTCCATGTATGGCATATGCAAAGTGAAGAATATAGACCTTAAATTCAAAATCATTGTAACAGCATACAAGGATCTTCCTCATGCTGTTCAGGAGACATTCAAACGTGTTTTGATCAAAGAAGGGGAGTATGATTCTATTATAGTATTCTATAACTCGGTCTTCATGCAGAGACTGAAAACAAATATTTTGCAGTATGCTTCCACCAGGCCCCCTACCTTGTCACCAATACCTCACATTCCTCGAAGCCCTTACAAGTTTCCTAGTTCACCCTTACGGATTCCTGGAGGGAACATCTATATTTCACCCCTGAAGAGTCCATATAAAATTTCAGAGGTCTGCCAACACCAACAAAAATGACTCCAAGATCAAGAATCTTAGTATCAATTGGTGAATCATTCGGGACTTCTGAGAAGTTCCAGAAAATAAATCAGATGGTATGTAACAGCGACCGTGTGCTCAAAAGAAGTGCTGAAGGAAGCAACCCTCCTAAACCACTGAAAAAACTACGCTTTGATATTGAAGGATCAGATGAAGCAGATGGAA,"pancreatic, colon, and lung cancer"
KRAS,1,GTGGCGTAGGCAAGAGTGCCTTGACGATACAGCTAATTCAGAATCATTTTGTGGACGAATATGATCCAACAATAGAGGATTCCTACAGGAAGCAAGTAGTAATTGATGGAGAAACCTGTCTCTTGGATATTCTCGACACAGCAGGTCAAGAGGAGTACAGTGCAATGAGGGACCAGTACATGAGGACTGGGGAGGGCTTTCTTTGTGTATTTGCCATAAATAATACTAAATCATTTGAAGATATTCACCATTATAGAGAACAAATTAAAAGAGTTAAGGACTCTGAAGATGTACCTATGGTCCTAGTAGGAAATAAATGTGATTTGCCTTCTAGAACAGTAGACACAAACAGGCTCAGGACTTAGCAAGAAGTTATGGAATTCCTTTTATTGAAACATCAGCAAAGACAAGACAGAGAGTGGAAGGATGCTTTTTATACATTGGTGAGAGAGATCCGACAATACAGATTGAAAAAAATCAGCAAAGAAGAAAGACTCCTGGCTGTGTGAAAATTAAAAAATGCATTATAATGTAATCTGGGTGTTGATGATGCCTTCTATACATTAGTTCGAGAAATTCGAAAACATAAAGAAAAGATGAGCAAAGATGGTAAAAAGAAGAAAAAGAAGTCAAAGACAAAGTGTGTAATTATGTAAATACAATTTGTACTTTTTTCTTAAGGCATACTAGTACAAGTGGTAA TT TTTGTACATTACACTAAATTATTAGCATTTGTTTTAGCATTACCTAATTTTTTTCCTGCTCCATGCAGACTGTTAGCTTTTACCTTAAATGCTTATTTTAAAATGACAGTGGAAGTTTTTTTTTCCTCTAAGTGCCAGTATTCCCAGAGTTTTGGTTTTTGAACTAGCAATGCCTGTGAAAAAGAAACTGAATACCTAAGATTTC TGTTCTTGGGGCTTTTGGTGCATGCAGTTGATTACTTCTTATTTTTCTTACCAATTGTGAATGTTGGTGTGAAACAAATTAATGAAGCTTT,"pancreatic, colon, and lung cancer"
KRAS,2,CTAGGCGGCGGCCGCGGCGGCGGAGGCAGCAGCGGCGGCGGCAGTGGCGGCGGCGAAGGTGGCGGCGGCTCGGCCAGTACTCCCGGCCCCCGCCATTTCGGACTGGGAGCGAGCGCGGCGCAGGCACTGAAGGCGGCGGCGGGGCCAGAGGCTCAGCGGCTCCCAGGTGCGGGAGAGAGGCCTGCTGAAAATGACTGAATATAAACTTGTTGGTAGTTGGAGCTGGTGGCGTAGGCAAGAGTGCCTTGACGATACAGCTAATTCAGAATCATTTTGTGGACGAATATGATCCAACAATAGAGGATTCCTACAGGAAGCAAGTAGTAATTGATGGAGAAACCTGTCTCTTGGATATTCTCGACACAGCAGGTCAAGAGGAGTACAGTGCAATGAGGGACCAGTACATGAGGACTGGGGAGGGCTTTCTTTGTGTATTTGCCATAAATAATACTAAATCATTTGAAGATATTCACCATTATAGAGAACAAATTAAAAGAGTTAAGGACTCTGAAGATGTACCTATGGTCCTAGTAGGAAATAAATGTGATTTGCCTTCTAGAACAGTAGACACAAAACAGGCTCAGGACTTAGCAAGAAGTTATGGAATTCCTTTTATTGAAACATCAGCAAAGACAAGACAGGGTGTTGATGATGCCTTCTATACATTAGTTCGAGAAATTCGAAAACATAAAGAAAAGATGAGCAAAGATGGTAAAAAGAAGAAAAAGAAGTCAAAGACAAAGTGTGTAATTATGTAAATACAATTTGTACTTTTTTCTTAAGGCATACTAGTACAAGTGGTAATTTTTGTACATTACACTAAATTATTAGCATTTGTTTTAGCATTACCTAATTTTTTTCCTGCTCCATGCAGACTGTTAGCTTTTACCTTAAATGCTTATTTTAAAATGACAGTGGAAGTTTTTTTTTCCTCTAAGTGCCAGTATTCCCAGAGTTTTGGTTTTTGAACTAGCAATGCCTGTGAAAAAGAAACTGAATACCTAAGATTTCTGTCTTGGGGCTTTTGGTGCATGCAGTTGATTACTTCTTATTTTTCTTACCAATTGTGAATGTTGGTGTGAAACAAATTAATGAAGCTTTTGAATCATCCCTATTCTGTGTTTTATCTAGTCACATAAATGGATTAATTACTAATTTCAGTTGAGACCTTCTAATTGGTTTTTACTGAAACATTGAGGGAACACAAATTTATGGGCTTCCTGATGATGATTCTTCTAGGCATCATGTCCTATAGTTTGTCATCCCTGATGAATGTAAAGTTACACTGTTCACAAAGGTTTTGTCTCCTTTCCACTGCTATTAGTCATGGTCACTCTCCCCAAAATATTATATTTTTTCTATAAAAAGAAAAAAATGGAAAAAAATTACAAGGCAATGGAAACTATTATAAGGCCATTTCCTTTTCACATTAGATAAATTACTATAAAGACTCCTAATAGCTTTTCCTGTTAAGGCAGACCCAGTATGAAATGGGGATTATTATAGCAACCATTTTGGGGCTATATTTACATGCTACTAAATTTTTATAATAATTGAAAAGATTTTAACAAGTATAAAAAATTCTCATAGGAATTAAATGTAGTCTCCCTGTGTCAGACTGCTCTTTCATAGTATAACTTTAAATCTTTTCTTCAACTTGAGTCTTTGAAGATAGTTTTAATTCTGCTTGTGACATTAAAAGATTATTTGGGCCAGTTATAGCTTATTAGGTGTTGAAGAGACCAAGGTTGCAAGGCCAGGCCCTGTGTGAACCTTTGAGCTTTCATAGAGAGTTTCACAGCATGGACTGTGTCCCCACGGTCATCCAGTGTTGTCATGCATTGGTTAGTCAAAATGGGGAGGGACTAGGGCAGTTTGGATAGCTCAACAAGATACAATCTCACTCTGTGGTGGTCCTGCTGACAAATCAAGAGCATTGCTTTTGTTTCTTAAGAAAACAAACTCTTTTTTAAAAATTACTTTTAAATATTAACTCAAAAGTTGAGATTTTGGGGTGGTGGTGTGCCAAGACATTAATTTTTTTTTTAAACAATGAAGTGAAAAAGTTTTACAATCTCTAGGTTTGGCTAGTTCTCTTAACACTGGTTAAATTAACATTGCATAAACACTTTTCAAGTCTGATCCATATTTAATAATGCTTTAAAATAAAAAATAAAAACAATCCTTTTGATAAATTTAAAATGTTACTTATTTTAAAATAAATGAAGTGAGATGGCATGGTGAGGTGAAAGTATCACTGGACTAGGAAGAAGGTGACTTAGGTTCTAGATAGGTGTCTTTTAGGACTCTGATTTTGAGGACATCACTTACTATCCATTTCTTCATGTTAAAAGAAGTCATCTCAAACTCTTAGTTTTTTTTTTTTACAACTATGTAATTTATATTCCATTTACATAAGGATACACTTATTTGTCAAGCTCAGCACAATCTGTAAATTTTTAACCTATGTTACACCATCTTCAGTGCCAGTCTTGGGCAAAATTGTGCAAGAGGTGAAGTTTATATTTGAATATCCATTCTCGTTTTAGGACTCTTCTTCCATATTAGTGTCATCTTGCCTCCCTACCTTCCACATGCCCCATGACTTGATGCAGTTTTAATACTTGTAATTCCCCTAACCATAAGATTTACTGCTGCTGTGGATATCTCCATGAAGTTTTCCCACTGAGTCACATCAGAAATGCCCTACATCTTATTTCCTCAGGGCTCAAAGAGAATCTGACAGATACCATAAAGGGATTTGACCTAATCACTAATTTTCAGGTGGTGGCTGATGCTTTGAACATCTCTTTGCTGCCCAATCCATTAGCGACAGTAGGATTTTTCAAACCTGGTATGAATAGACAGAACCTTATCCAGTGGAAGGAGAATTTAATAAAGATAGTGCTGAAAGAATTCCTTAGGTAATCTATAACTAGGACTACTCCTGGTAACAGTAATACATTCCATTGTTTTAGTAACCAGAAATCTTCATGCAATGAAAAATACTTTAATTCATGAAGCTTACTTTTTTTTTTTGGTGTCAGAGTCTCGCTCTTGTCACCCAGGCTGGAATGCAGTGGCGCCATCTCAGCTCACTGCAACCTCCATCTCCCAGGTTCAAGCGATTCTCGTGCCTCGGCCTCCTGAGTAGCTGGGATTACAGGCGTGTGCCACTACACTCAACTAATTTTTGTATTTTTAGGAGAGACGGGGTTTCACCCTGTTGGCCAGGCTGGTCTCGAACTCCTGACCTCAAGTGATTCACCCACCTTGGCCTCATAAACCTGTTTTGCAGAACTCATTTATTCAGCAAATATTTATTGAGTGCCTACCAGATGCCAGTCACCACACAAGGCACTGGGTATATGGTATCCCCAAACAAGAGACATAATCCCGGTCCTTAGGTAGTGCTAGTGTGGTCTGTAATATCTTACTAAGGCCTTTGGTATACGACCCAGAGATAACACGATGCGTATTTTAGTTTTGCAAAGAAGGGGTTTGGTCTCTGTGCCAGCTCTATAATTGTTTTGCTACGATTCCACTGAAACTCTTCGATCAAGCTACTTTATGTAAATCACTTCATTGTTTTAAAGGAATAAACTTGATTATATTGTTTTTTTATTTGGCATAACTGTGATTC,"pancreatic, colon, and lung cancer"
KRAS,3,ACAGCTAATTCAGAATCATTTTGTGGACGAATATGATCCAACAATAGAGGATTCCTACAGGAAGCAAGTAGTAATTGATGGAGAAACCTGTCTCTTGGATATTCTCGACACAGCAGGTCAAGAGGAGTACAGTGCAATGAGGGACCAGTACATGAGGACTGGGGAGGGCTTTCTTTGTGTATTTGCCATAAATAATACTAAATCATTTGAAGATATTCACCATTATAGAGAACAAATTAAAAGAGTTAAGGACTCTGAAGATGTACCTATGGTCCTAGTAGGAAATAAATGTGATTTGCCTTCTAGAACAGTAGACACAAAACAGGCTCAGGACTTAGCAAGAAGTTATGGAATTCCTTTTATTGAAACATCAGCAAAGACAAGACAGGGTGTTGATGATGCCTTCTATACATTAGTTCGAGAAATTCGAAAACATAAAGAAAAGATGAGCAAAGATGGTAAAAAGAAGAAAAAGAAGTCAAAGACAAAGTGTGTAATTATGTAAATACAATTTGTACTTTTTTCTTAAGGCATACTAGTACAAGTGGTAATTTTTGTACATTACACTAAATTATTAGCATTTGTTTTAGCATTACCTAATTTTTTTCCTGCTCCATGCAGACTGTTAGCTTTTACCTTAAATGCTTATTTTAAAATGACAGTGGAAGTTTTTTTTTCCTCTAAGTGCCAGTATTCCCAGAGTTTTGGTTTTTGAACTAGCAATGCCTGTGAAAAAGAAACTGAATACCTAAGATTTCTGTCTTGGGGCTTTTGGTGCATGCAGTTGATTACTTCTTATTTTTCTTACCAATTGTGAATGTTGGTGTGAAACAAATTAATGAAGCTTTTGAATCATCCCTATTCTGTGTTTTATCTAGTCACATAAATGGATTAATTACTAATTTCAGTTGAGACCTTCTAATTGGTTTTTACTGAAACATTGAGGGAACACAAATTTATGGGCTTCCTGATGATGATTCTTCTAGGCATCATGTCCTAT,"pancreatic, colon, and lung cancer"
KRAS,4,GCGGCTCCCAGGTGCGGGAGAGAGGCCTGCTGAAAATGACTGAATATAAACTTGTGGTAGTTGGAGCTGGTGGCGTAGGCAAGAGTGCCTTGACGATACAGCTAATTCAGAATCATTTTGTGGACGAATATGATCCAACAATAGAGGATTCCTACAGGAAGCAAGTAGTAATTGATGGAGAAACCTGTCTCTTGGATATTCTCGACACAGCAGGTCAAGAGGAGTACAGTGCAATGAGGGACCAGTACATGAGGACTGGGGAGGGCTTTCTTTGTGTATTTGCCATAAATAATACTAAATCATTTGAAGATATTCACCATTATAGAGAACAAATTAAAAGAGTTAAGGACTCTGAAGATGTACCTATGGTCCTAGTAGGAAATAAATGTGATTTGCCTTCTAGAACAGTAGACACAAAACAGGCTCAGGACTTAGCAAGAAGTTATGGAATTCCTTTTATTGAAACATCAGCAAAGACAAGACAGGGTGT TGATGATGCCTTCTATACATTAGTTCGAGAAATTCGAAAACATAAAGAAAAGATGAGCAAAGATGGTAAAAAGAAGAAAAAGAAGTCAAAGACAAAGTGTGTAATTATGTAAATACAATTTGTACTTTTTTCTTAAGGCATACTAGTACAAGTGGTAATTTTTGTACATTACACTAAATTATTAGCATTTGTTTTAGCATTACCTAATTTTTTTCCTGCTCCATGCAGACTGTTAGCTTTTACCTTAAATGCTTATTTTAAAATGACAGTGGAAGTTTTTTTTTCCTCTAAGTGCCAGTATTCCCAGAGTTTTGGTTTTTGAACTAGCAATGCCTGTGAAAAAGAAACTGAATACCTAAGATTTCTGTCTTGGGGCTTTTGGTGCATGCAGTTGATTACTTCTTATTTTTCTTACCAATTGTGAATGTTGGTGTGAAACAAATTAATGAAGCTTTTGAATCATCCCTATTCTGTGTTTTATCTAGTCACATAAATGGATTAATTACTAAT,"pancreatic, colon, and lung cancer"
KRAS,5,GAGGCTCAGCGGCTCCCAGGTGCGGGAGAGAGGCCTGCTGAAAATGACTGAATATAAACTTGTGGTAGTTGGAGCTGGTGGCGTAGGCAAGAGTGCCTTGACGATACAGCTAATTCAGAATCATTTTGTGGACGAATATGATCCAACAATAGAGGATTCCTACAGGAAGCAAGTAGTAATTGATGGAGAAACCTGTCTCTTGGATATTCTCGACACAGCAGGTCAAGAGGAGTACAGTGCAATGAGGGACCAGTACATGAGGACTGGGGAGGGCTTTCTTTGTGTATTTGCCATAAATAATACTAAATCATTTGAAGATATTCACCATTATAGAGAACAAATTAAAAGAGTTAAGGACTCTGAAGATGTACCTATGGTCCTAGTAGGAAATAAATGTGATTTGCCTTCTAGAACAGTAGACACAAAACAGGCTCAGGACTTAGCAAGAAGTTATGGAATTCCTTTTATTGAAACATCAGCAAAGACAAGACAGGGTGTTGATGATGCCTTCTATACATTAGTTCGAGAAATTCGAAAACATAAAGAAAAGATGAGCAAAGATGGTAAAAAGAAGAAAAAGAAGTCAAAGACAAAGTGTGTAATTATGTAAATACAATTTGTACTTTTTTCTTAAGGCATACTAGTACAAGTGGTAATTTTTGTACATTACACTAAATTATTAGCATTTGTTTTAGCATTACCTAATTTTTTTCCTGCTCCATGCAGACTGTTAGCTTTTACCTTAAATGCTTATTTTAAAATGACAGTGGAAGTTTTTTTTTCCTCTAAGTGCCAGTATTCCCAGAGTTTTGGTTTTTGAACTAGCAATGCCTGTGAAAAAGAAACTGAATACCTAAGATTTCTGTCTTGGGGCTTTTGGTGCATGCAGTTGATTACTTCTTATTTTTCTTACCAATTGTGAATGTTGGTGTGAAACAAATTAATGAAGCTTTTGAATCATCCCTATTCTGTGTTTTATCTAGTCACATAAATGGATTAA,"pancreatic, colon, and lung cancer"
BRCA1,0,"TGCAATGGAAGAAAGTGTGAGCAGGGAGAAGCCAGAATTGACAGCTTCAACAGAAAGGGTCAACAAAAGAA
TGTCCATGGTGGTGTCTGGCCTGACCCCAGAAGAATTTATGCTCGTGTACAAGTTTGCCAGAAAACACCA
CATCACTTTAACTAATCTAATTACTGAAGAGACTACTCATGTTGTTATGAAAACAGATGCTGAGTTTGTTG
TGTGAACGGACACTGAAATATTTTCTAGGAATTGCGGGAGGAAAATGGGTAGTTAGCTATTTCTGGGTGAC
CCAGTCTATTAAAGAAAGAAAAATGCTGAATGAGCATGATTTTGAAGTCAGAGGAGATGTGGTCAATGGAAG
AAACCACCAAGGTCCAAAGCGAGCAAGAGAATCCCAGGACAGAAAGATCTTCAGGGGGCTAGAAATCTGTT
GCTATGGGCCCTTCACCAACATGCCCACAGATCAACTGGAATGGATGGTACAGCTGTGTGGTGCTTCTGTGG
TGAAGGAGCTTTCATCATTCACCCTTGGCACAGGTGTCCACCCAATTGTGGTTGTGCAGCCAGATGCCTGG
ACAGAGGACAATGGCTTCCATGCAATTGGGCAGATGTGTGAGGCACCTGTGGTGACCCGAGAGTGGGTGTTC
GGACAGTGTAGCACTCTACCAGTGCCAGGAGCTGGACACCTACCTGATACCCCAGATCCCCCACAGCCACTA
CTGACTGCAGCCAGCCACAGGTACAGAGCCACAGGACCCCAAGAATGAGCTTACAAAGTGGCCTTTCCAGGC
CCTGGGAGCTCCTCTCACTCTTCAGTCCTTCTACTGTCCTGGCTACTAAATATTTTATGTACATCAGCCTGA
AAGGACTTCTGGCTATGCAAGGGTCCCTTAAAGATTTTCTGCTTGAAGTCTCCCTTGGAAATCTGCCATGAGC
ACAAAATTATGGTAATTTTTCACCTGAGAAGATTTTAAAACCATTTAAACGCCACCAATTGAGCAAGATGCT
GATTCATTATTTATCAGCCCTATTCTTTCTATTCAGGCTGTTGTTGGCTTAGGGCTGGAAGCACAGAGTGGCT
TGGCCTCAAGAGAATAGCTGGTTTCCCTAAGTTTACTTCTCTAAAACCCTGTGTTCAAGAACTTTGAGGAAG
GAAGTTTGAGGTGTCTGCAGATAGTTCTACCAGTAAAAATAAAGAACCAGGAGTGAAAGGTCATCCCCTTCTA
AATGCCCATCATTAGATGATAGGTGGTACATGCACAGTTGCTCTGGGAGTCTTCAGAATAGAAACTACCCATCT
CAAGAGGAGCTCATTAAGGTTGTTGATGTGGAGGAGCAACAGCTGGAGAGTCTGGGCCACACGATTTGACGGAA
ACATCTTACTTGCCAAGGCAAGATCTAGAGGGAACCCCTTACCTGGAATCTGGAATCAGCCTCTTCTCTGATGA
CCCTGAATCTGATCCTTCTGAAGACAGAGCCCCAGAGTCAGCTCGTGTTGGCAACATACCATCTTCAACCTCT
GCATTGAAAGTTCCCCAATTGAAAGTTGCAGAATCTGCCCAGAGTCCAGCTGCTGCTCATACTACTGATACTGCT
GGGTATAATGCAATGGAAGAAAGTGTGAGCAGGGAGAAGCCAGAATTGACAGCTTCAACAGAAAGGGTCAACAAA
AGAATGTCCATGGTGGTGTCTGGCCTGACCCCAGAAGAATTTATGCTCGTGTACAAGTTTGCCAGAAAACACC
ACATCACTTTAACTAATCTAATTTACTGAAGAGACTACTCATGTTGTTATGAAAACAGATGCTGAGTTTGTTG
TGTGAACGGACACTGAAATATTTTCTAGGAATTGCGGGAGGAAAATGGGTAGTTAGCTATTTCTGGGTGACCC
AGTCTATTAAAGAAAGAAAAATGCTGAATGAGCATGATTTTGAAGTCAGAGGAGATGTGGTCAATGGAAGAAAC
CACCAAGGTCCAAAGCGAGCAAGAGAATCCCAGGACAGAAAGATCTTCAGGGGGCTAGAAATCTGTTGCTATGG
GCCCTTCACCAACATGCCCACAGATCAACTGGAATGGATGGTACAGCTGTGTGGTGCTTCTGTGGTGAAGGAGC
TTTCATCATTCACCCTTGGCACAGGTGTCCACCCAATTGTGGTTGTGCAGCCAGATGCCTGGACAGAGGACA
ATGGCTTCCATGCAATTGGGCAGATGTGTGAGGCACCTGTGGTGACCCGAGAGTGGGTGTTGGACAGTGTAGCA
CTCTACCAGTGCCAGGAGCTGGACACCTACCTGATACCCCAGATCCCCCACAGCCACTACTGA",breast cancer
BRCA1,1,"AGTAAAAATAAAGAACCAGGAGTGGAAAGGTCATCCCCTTCTAAATGCCCATCATTAGATGATAGGTGGTA
CATGCACAGTTGCTCTGGGAGTCTTCAGAATAGAAACTACCCATCTCAAGAGGAGCTCATTAAGGTTGTTG
ATGTGGAGGAGCAACAGCTGGAAGAGTCTGGGCCACACGATTTGACGGAAACATCTTACTTGCCAAGGG
AAGATCTAGAGGGAACCCCTTACCTGGAATCTGGAATCAGCCTCTTCTCTGATGACCCTGAATCTGATCC
TTCTGAAGACAGAGCCCCAGAGTCAGCTCGTGTTGGCAACATACCATCTTCAACCTCTGCATTGAAAGT
TCCCCAATTGAAAGTTGCAGAATCTGCCCAGAGTCCAGCTGCTGCTCATACTACTGATACTGCTGGGTATA
AATGCAATGGAAGAAAGTGTGAGCAGGGAGAAGCCAGAATTGACAGCTTCAACAGAAAGGGTCAACAAAA
GAATGTCCATGGTGGTGTCTGGCCTGACCCCAGAAGAATTTATGCTCGTGTACAAGTTTGCCAGAAAAC
ACACATCACTTTAACTAATCTAATTACTGAAGAGACTACTCATGTTGTTATGAAAACAGATGCTGAGTTT
GTGTGTGAACGGACACTGAAATATTTTCTAGGAATTGCGGGAGGAAAATGGGTAGTTAGCTATTTCTGGG
TGACCCAGTCTATTAAAGAAAGAAAAATGCTGAATGAGCATGATTTTGAAGTCAGAGGAGATGTGGTCAAT
GGAAGAAACCACCAAGGTCCAAAGCGAGCAAGAGAATCCCAGGACAGAAAGATCTTCAGGGGGCTAGAAAT
CTGTTGCTATGGGCCCTTCACCAACATGCCCACAGATCAACTGGAATGGATGGTACAGCTGTGTGGTC
TTCTGTGGTGAAGGAGCTTTCATCATTCACCCTTGGCACAGGTGTCCACCCAATTGTGGTTGTGCAGC
CAGATGCCTGGACAGAGGACA",breast cancer
BRCA1,2,"CAGAGGCAACGAAACTGGACTCATTACTCCAAATAAACATGGACTTTTACAAAACCCATATCGTATACCA
CCACTTTTTCCCATCAAGTCATTTGTTAAAACTAAATGTAAGAAAAATCTGCTAGAGGAAAACTTTGAGGA
ACATTCAATGTCACCTGAAAGAGAAATGGGAAATGAGAACATTCCAAGTACAGTGAGCACAATTAGCCGT
AATAACATTAGAGAAAATGTTTTTAAAGAAGCCAGCTCAAGCAATATTAATGAAGTAGGTTCCAGTACTA
ATGAAGTGGGCTCCAGTATTAATGAAATAGGTTCCAGTGATGAAAACATTCAAGCAGAACTAGGTAGAA
ACAGAGGGCCAAAATTGAATGCTATGCTTAGATTAGGGGTTTTGCAACCTGAGGTCTATAAACAAAGTCTT
CCTGGAAGTAATTGTAAGCATCCTGAAATAAAAAAGCAAGAATATGAAGAAGTAGTTCAGACTGTTAAT
ACAGATTTCTCTCCATATCTGATTTCAGATAACTTAGAACAGCCTATGGGAAGTAGTCATGCATCTCAGG
TTTGTTCTGAGACACCTGATGACCTGTTAGATGATGGTGAAATAAAGGAAGATACTAGTTTTGCTGAAAA
TGACATTAAGGAAAGTTCTGCTGTTTTTAGCAAAAGCGTCCAGAAAGGAGAGCTTAGCAGGAGTCCTAGC
CCTTTCACCCATACACATTTGGCTCAGGGTTACCGAAGAGGGGCCAAGAAATTAGAGTCCTCAGAAGAGA
ACTTATCTAGTGAGGATGAAGAGCTTCCCTGCTTCCAACACTTGTTATTTGGTAAAGTAAACAATATACCT
TCTCAGTCTACTAGGCATAGCACCGTTGCTACCGAGTGTCTGTCTAAGAACACAGAGGAGAATTTATTA
TCATTGAAGAATAGCTTAAATGACTGCAGTAACCAGGTAATATTGGCAAAGGCATCTCAGGAACATCACC
TTAGTGAGGAAACAAAATGT",breast cancer
BRCA1,3,TGCAATGGAAGAAAGTGTGAGCAGGGAGAAGCCAGAATTGACAGCTTCAACAGAAAGGGTCAACAAAAGAATGTCCATGGTGGTGTCTGGCCTGACCCCAGAAGAATTTATGCTCGTGTACAAGTTTGCCAGAAAACACCACTCACTTTAACTAATCTAATTACTGAAGAGACTACTCATGTTGTTATGAAAACAGATGCTGAGTTTGTGTGTGAACGGACACTGAAATATTTTCTAGGAATTGCGGGAGGAAAATGGGTAGTTAGCTATTTCTGGGTGACCCAGTCTATTAAAGAAAGAAAAATGCTGAATGAGCATGATTTTGAAGTCAGAGGAGATGTGGTCAATGGAAGAAACCACCAAGGTCCAAAGCGAGCAAGAGAATCCCAGGACAGAAAGATCTTCAGGGGGCTAGAAATCTGTTGCTATGGGCCCTTCACCAACATGCCCACAGATCAACTGGAATGGATGGTACAGCTGTGTGGTGCTTCTGTGGTGAAGGAGCTTTCATCATTCACCCTTGGCACAGGTGTCCACCCAATTGTGGTTGTGCAGCCAGATGCCTGGACAGAGGACAATGGCTTCCATGCAATTGGGCAGATGTGTGAGGCACCTGTGGTGACCCGAGAGTGGGTGTTGGACAGTGTAGCACTCTACCAGTGCCAGGAGCTGGACACCTACCTGATACCCCAGATCCCCCACAGCCACTACTGACTGCAGCCAGCCACAGGTACAGAGCCACAGGACCCCAAGAATGAGCTTACAAAGTGGCCTTTCCAGGCCCTGGGAGCTCCTCTCACTCTTCAGTCCTTCTACTGTCCTGGCTACTAAATATTTTATGTACATCAGCCTGAAAAGGACTTCTGGCTATGCAAGGGTCCCTTAAAGATTTTCTGCTTGAAGTCTCCCTTGGAAATCTGCCATGAGCACAAAATTATGGTAATTTTTCACCTGAGAAGATTTTAAAACCATTTAAACGCCACCAATTGAGCAAGATGC,breast cancer
BRCA1,4,GCTGAGACTTCCTGGACGGGGGACAGGCTGTGGGGTTTCTCAGATAACTGGGCCCCTGCGCTCAGGAGGCCTTCACCCTCTGCTCTGGGTAAAGTTCATTGGAACAGAAAGAAATGGATTTATCTGCTCTTCGCGTTGAAGAAGTACAAAATGTCATTAATGCTATGCAGAAAATCTTAGAGTGTCCCATCTGTCTGGAGTTGATCAAGGAACCTGTCTCCACAAAGTGTGACCACATATTTTGCAAATTTTGCATGCTGAAACTTCTCAACCAGAAGAAAGGGCCTTCACAGTGTCCTTTATGTAAGAATGATATAACCAAAAGGAGCCTACAAGAAAGTACGAGATTTAGTCAACTTGTTGAAGAGCTATTGAAAATCATTTGTGCTTTTCAGCTTGACACAGGTTTGGAGTATGCAAACAGCTATAATTTTGCAAAAAAGGAAAATAACTCTCCTGAACATCTAAAAGATGAAGTTTCTATCATCCAAAGTATGGGCTACAGAAACCGTGCCAAAAGACTTCTACAGAGTGAACCCGAAAATCCTTCCTTGCAGGAAACCAGTCTCAGTGTCCAACTCTCTAACCTTGGAACTGTGAGAACTCTGAGGACAAAGCAGCGGATACAACCTCAAAAGACGTCTGTCTACATTGAATTGGGATCTGATTCTTCTGAAGATACCGTTAATAAGGCAACTTATTGCAGTGTGGGAGATCAAGAATTGTTACAAATCACCCCTCAAGGAACCAGGGATGAAATCAGTTTGGATTCTGCAAAAAAGGCTGCTTGTGAATTTTCTGAGACGGATGTAACAAATACTGAACATCATCAACCCAGTAATAATGATTTGAACACCACTGAGAAGCGTGCAGCTGAGAGGCATCCAGAAAAGTATCAGGGTAGTTCTGTTTCAAACTTGCATGTGGAGCCATGTGGCACAAATACTCATGCCAGCTCATTACAGCATGAGAACAGCAGTTTATTACTCACTAAAGACAG,breast cancer
BRCA1,5,GAAAACACCACATCACTTTAACTAATCTAATTACTGAAGAGACTACTCATGTTGTTATGAAAACAGATGCTGAGTTTGTGTGTGAACGGACACTGAAATATTTTCTAGGAATTGCGGGAGGAAAATGGGTAGTTAGCTATTTCTGGGTGACCCAGTCTATTAAAGAAAGAAAAATGCTGAATGAGCATGATTTTGAAGTCAGAGGAGATGTGGTCAATGGAAGAAACCACCAAGGTCCAAAGCGAGCAAGAGAATCCCAGGACAGAAAGATCTTCAGGGGGCTAGAAATCTGTTGCTATGGGCCCTTCACCAACATGCCCACAGATCAACTGGAATGGATGGTACAGCTGTGTGGTGCTTCTGTGGTGAAGGAGCTTTCATCATTCACCCTTGGCACAGGTGTCCACCCAATTGTGGTTGTGCAGCCAGATGCCTGGACAGAGGACAATGGCTTCCATGCAATTGGGCAGATGTGTGAGGCACCTGTGGTGACCCGAGAGTGGGTGTTGGACAGTGTAGCACTCTACCAGTGCCAGGAGCTGGACACCTACCTGATACCCAGATCCCCCACAGCCACTACTGACTGCAGCCAGCCACAGGTACAGAGCCACAGGACCCCAAGAATGAGCTTACAAAGTGGCCTTTCCAGGCCCTGGGAGCTCCTCTCACTCTTCAGTCCTTCTACTGTCCTGGCTACTAAATATTTTATGTACATCAGCCTGAAAAGGACTTCTGGCTATGCAAGGGTCCCTTAAAGATTTTCTGCTTGAAGTCTCCCTTGGAAATCTGCCATGAGCACAAAATTATGGTAATTTTTCACCTGAGAAGATTTTAAAACCATTTAAACGCCACCAATTGAGCAAGATGCTGATTCATTATTTATCAGCCCTATTCTTTCTATTCAGGCTGTTGTTGGCTTAGGGCTGGAAGCACAGAGTGGCTTGGCCTCAAGAGAATAGCTGGTTTCCCTAAGTTTACTTCTCTAAAACCCTGTGTTCA,breast cancer
BRAF,0,ATGGCGGCGCTGAGCGGTGGCGGTGGTGGCGGCGCGGAGCCGGGCCAGGCTCTGTTCAACGGGGACATGGAGCCCGAGGCCGGCGCCGGCGCCGGCGCCGCGGCCTCTTCGGCTGCGGACCCTGCCATTCCGGAGGAGGTGTGGAATATCAAACAAATGATTAAGTTGACACAGGAACATATAGAGGCCCTATTGGACAAATTTGGTGGGGAGCATAATCCACCATCAATATATCTGGAGGCCTATGAAGAATACACCAGCAAGCTAGATGCACTCCAACAAAGAGAACAACAGTTATTGGAATCTCTGGGGAACGGAACTGATTTTTCTGTTTCTAGCTCTGCATCAATGGATACCGTTACATCTTCTTCCTCTTCTAGCCTTTCAGTGCTACCTTCATCTCTTTCAGTTTTTCAAAATCCCACAGATGTGGCACGGAGCAACCCCAAGTCACCACAAAAACCTATCGTTAGAGTCTTCCTGCCCAACAACAGAGGACAGTGGTACCTGCAAGGTGTGGAGTTACAGTCCGAGACAGTCTAAAGAAAGCACTGATGATGAGAGGTCTAATCCCAGAGTGCTGTGCTGTTTACAGAATTCAGGATGGAGAGAAGAAACCAATTGGTTGGGACACTGATATTTCCTGGCTTACTGGAGAAGAATTGCATGTGGAAGTGTTGGAGAATGTTCCACTTACAACACACAACTTTGTACGAAAAACGTTTTTCACCTTAGCATTTTGTGACTTTTGTCGAAAGCTGCTTTTCCAGGGTTTCCGCTGTCAAACATGTGGTTATAAATTTCACCAGCGTTGTAGTACAGAAGTTCCACTGATGTGTGTTAATTATGACCAACTTGATTTGCTGTTTGTCTCCAAGTTCTTTGAACACCACCCAATACCACAGGAAGAGGCGTCCTTAGCAGAGACTGCCCTAACATCTGGATCATCCCCTTCCGCACCCGCCTCGGACTCTATTGGGCCCCAAATTCTCACCAGTCCGTCTCCTTCAAAATCCATTCCAATTCCACAGCCCTTCCGACCAGCAGATGAAGATCATCGAAATCAATTTGGGCAACGAGACCGATCCTCATCAGCTCCCAATGTGCATATAAACACAATAGAACCTGTCAATATTGATGACTTGATTAGAGACCAAGGATTTCGTGGTGATGGAGGATCAACCACAGGTTTGTCTGCTACCCCCCCTGCCTCATTACCTGGCTCACTAACTAACGTGAAAGCCTTACAGAAATCTCCAGGACCTCAGCGAGAAAGGAAGTCATCTTCATCCTCAGAAGACAGGAATCGAATGAAAACACTTGGTAGACGGGACTCGAGTGATGATTGGGAGATTCCTGATGGGCAGATTACAGTGGGACAAAGAATTGGATCTGGATCATTTGGAACAGTCTACAAGGGAAAGTGGCATGGTGATGTGGCAGTGAAAATGTTGAATGTGACAGCACCTACACCTCAGCAGTTACAAGCCTTCAAAAATGAAGTAGGAGTACTCAGGAAAACACGACATGTGAATATCCTACTCTTCATGGGCTATTCCACAAAGCCACAACTGGCTATTGTTACCCAGTGGTGTGAGGGCTCCAGCTTGTATCACCATCTCCATATCATTGAGACCAAATTTGAGATGATCAAACTTATAGATATTGCACGACAGACTGCACAGGGCATGGATTACTTACACGCCAAGTCAATCATCCACAGAGACCTCAAGAGTAATAATATATTTCTTCATGAAGACCTCACAGTAAAAATAGGTGATTTTGGTCTAGCTACAGTGAAATCTCGATGGAGTGGGTCCCATCAGTTTGAACAGTTGTCTGGATCCATTTTGTGGATGGCACCAGAAGTCATCAGAATGCAAGATAAAAATCCATACAGCTTTCAGTCAGATGTATATGCATTTGGAATTGTTCTGTATGAATTGATGACTGGACAGTTACCTTATTCAAACATCAACAACAGGGACCAGATAATTTTTATGGTGGGACGAGGATACCTGTCTCCAGATCTCAGTAAGGTACGGAGTAACTGTCCAAAAGCCATGAAGAGATTAATGGCAGAGTGCCTCAAAAAGAAAAGAGATGAGAGACCACTCTTTCCCCAAGAGAATTTGCAGCCTTCAAGTAGCCACCATCATGGCAGCATCTGCTCTTATTTCTTAAGTCTTGTGTTCGTACAATTTGTTAACATCAAAACACAGTTCTGTTCCTCAAATCTTTTTTTAAAGATACAAAATTTCCAATGCATAAGCTGA,"melanoma, colorectal, thyroid, ovarian and lung cancer"
BRAF,1,TTACTGGAGAAGAATTGCATGTGGAAGTGTTGGAGAATGTTCCACTTACAACACACAACTTTGTACGAAAAACGTTTTTCACCTTAGCATTTTGTGACTTTTGTCGAAAGCTGCTTTTCCAGGGTTTCCGCTGTCAAACATGTGGTTATAAATTTCACCAGCGTTGTAGTACAGAAGTTCCACTGATGTGTGTTAATTATGACCAACTTGATTTGCTGTTTGTCTCCAAGTTCTTTGAACACCACCCAATACCACAGGAAGAGGCGTCCTTAGCAGAGACTGCCCTAACATCTGGATCATCCCCTTCCGCACCCGCCTCGGACTCTATTGGGCCCCAAATTCTCACCAGTCCGTCTCCTTCAAAATCCATTCCAATTCCACAGCCCTTCCGACCAGCAGATGAAGATCATCGAAATCAATTTGGGCAACGAGACCGATCCTCATCAGCTCCCAATGTGCATATAAACACAATAGAACCTGTCAATATTGATGACTTGATTAGAGACCAAGGATTTCGTGGTGATGGAGGATCAACCACAGGTTTGTCTGCTACCCCCCCTGCCTCATTACCTGGCTCACTAACTAACGTGAAAGCCTTACAGAAATCTCCAGGACCTCAGCGAGAAAGGAAGTCATCTTCATCCTCAGAAGACAGGAATCGAATGAAAACACTTGGTAGACGGGACTCGAGTGATGATTGGGAGATTCCTGATGGGCAGATTACAGTGGGACAAAGAATTGGATCTGGATCATTTGGAACAGTCTACAAGGGAAAGTGGCATGGTGATGTGGCAGTGAAAATGTTGAATGTGACAGCACCTACACCTCAGCAGTTACAAGCCTTCAAAAATGAAGTAGGAGTACTCAGGAAAACACGACATGTGAATATCCTACTCTTCATGGGCTATTCCACAAAGCCACAACTGGCTATTGTTACCCAGTGGTGTGAGGGCTCCAGCTTGTATCACCATCTCCATATCATTGAGACCAAATTTGAGAT,"melanoma, colorectal, thyroid, ovarian and lung cancer"
BRAF,2,CTTCCCCCAATCCCCTCAGGCTCGGCTGCGCCCGGGGCCGCGGGCCGGTACCTGAGGTGGCCCAGGCGCCTCCGCCCGCGGCGCCGCCCGGGCCGCTCCTCCCCGCGCCCCCCGCGCCCCCCGCTCCTCCGCCTCCGCCTCCGCCTCCCCCAGCTCTCCGCCTCCCTTCCCCCTCCCCGCCCGACAGCGGCCGCTCGGGCCCCGGCTCTCGGTTATAAGATGGCGGCGCTGAGCGGTGGCGGTGGTGGCGGCGCGGAGCCGGGCCAGGCTCTGTTCAACGGGGACATGGAGCCCGAGGCCGGCGCCGGCGCCGGCGCCGCGGCCTCTTCGGCTGCGGACCCTGCCATTCCGGAGGAGGTGTGGAATATCAAACAAATGATTAAGTTGACACAGGAACATATAGAGGCCCTATTGGACAAATTTGGTGGGGAGCATAATCCACCATCAATATATCTGGAGGCCTATGAAGAATACACCAGCAAGCTAGATGCACTCCAACAAAGAGAACAACAGTTATTGGAATCTCTGGGGAACGGAACTGATTTTTCTGTTTCTAGCTCTGCATCAATGGATACCGTTACATCTTCTTCCTCTTCTAGCCTTTCAGTGCTACCTTCATCTCTTTCAGTTTTTCAAAATCCCACAGATGTGGCACGGAGCAACCCCAAGTCACCACAAAAACCTATCGTTAGATCTTCCTGCCCAACAAACAGAGGACAGTGGTACCTGCAAGGTGTGGAGTTACAGTCCGAGACAGTCTAAAGAAAGCACTGATGATGAGAGGTCTAATCCCAGAGTGCTGTGCTGTTTACAGAATTCAGGATGGAGAGAAGAAACCAATTGGTTGGGACACTGATATTTCCTGGCTTACTGGAGAAGAATTGCATGTGGAAGTGTTGGAGAATGTTCCACTTACAACACACAACTTTGTACGAAAAACGTTTTTCACCTTAGCATTTTGTGACTTTTGTCGAAAGCTGCTTTTCCAGGGT,"melanoma, colorectal, thyroid, ovarian and lung cancer"
BRAF,3,CAGTGAAATCTCGATGGAGTGGGTCCCATCAGTTTGAACAGTTGTCTGGATCCATTTTGTGGATGGCACCCAGAAGTCATCAGAATGCAAGATAAAAATCCATACAGCTTTCAGTCAGATGTATATGCATTTGGAATTGTTCTGTATGAATTGATGACTGGACAGTTACCTTATTCAAACATCAACAACAGGGACCAGATAATTTTTATGGTGGGACGAGGATACCTGTCTCCAGATCTCAGTAAGGTACGGAGTAACTGTCCAAAAGCCATGAAGAGATTAATGGCAGAGTGCCTCAAAAAGAAAAGAGATGAGAGACCACTCTTTCCCCAAATTCTCGCCTCTATTGAGCTGCTGGCCCGCTCATTGCCAAAAATTCACCGCAGTGCATCAGAACCCTCCTTGAATCGGGCTGGTTTCCAAACAGAGGATTTTAGTCTATATGCTTGTGCTTCTCCAAAAACACCCATCCAGGCAGGGGGATATGGTGCGTTTCCTGTCCACTGAAACAAATGAGTGAGAGAGTTCAGGAGAGTAGCAACAAAAGGAAAATAAATGAACATATGTTTGCTTATATGTTAAATTGAATAAAATACTCTCTTTTTTTTTAAGGTGAACCAAAGAACACTTGTGTGGTTAAAGACTAGATATAATTTTTCCCCAAACTAAAATTTATACTTAACATTGGATTTTTAACATCCAAGGGTTAAAATACATAGACATTGCTAAAAATTGGCAGAGCCTCTTCTAGAGGCTTTACTTTCTGTTCCGGGTTTGTATCATTCACTTGGTTATTTTAAGTAGTAAACTTCAGTTTCTCATGCAACTTTTGTTGCCAGCTATCACATGTCCACTAGGGACTCCAGAAGAAGACCCTACCTATGCCTGTGTTTGCAGGTGAGAAGTTGGGAGTCGGTTAGCCTGGGTTAGATAAGGCAAACTGAACAGATCTAATTTAGGAAGTCAGTAGAATTTAATAATTCTATTATTATTCTTAATAA,"melanoma, colorectal, thyroid, ovarian and lung cancer"
BRAF,4,AGGTGATTTTGGTCTAGCTACAGTGAAATCTCGATGGAGTGGGTCCCATCAGTTTGAACAGTTGTCTGGATCCATTTTGTGGATGGCACCAGAAGTCATCAGAATGCAAGATAAAAATCCATACAGCTTTCAGTCAGATGTATATGCATTTGGAATTGTTCTGTATGAATTGATGACTGGACAGTTACCTTATTCAAACATCAACAACAGGGACCAGATAATTTTTATGGTGGGACGAGGATACCTGTCTCCAGATCTCAGTAAGGTACGGAGTAACTGTCCAAAAGCCATGAAGAGATTAATGGCAGAGTGCCTCAAAAAGAAAAGAGATGAGAGACCACTCTTTCCCCAAATTCTCGCCTCTATTGAGCTGCTGGCCCGCTCATTGCCAAAAATTCACCGCAGTGCATCAGAACCCTCCTTGAATCGGGCTGGTTTCCAAACAGAGGATTTTAGTCTATATGCTTGTGCTTCTCCAAAAACACCCATCCAGGCAGGGGGATATGGTGCGTTTCCTGTCCACTGAAACAAATGAGTGAGAGAGTTCAGGAGAGTAGCAACAAAAGGAAAATAAATGAACATATGTTTGCTTATATGTTAAATTGAATAAAATACTCTCTTTTTTTTTAAGGTGAACCAAAGAACACTTGTGTGGTTAAAGACTAGATATAATTTTTCCCCAAACTAAAATTTATACTTAACATTGGATTTTTAACATCCAAGGGTTAAAATACATAGACATTGCTAAAAATTGGCAGAGCCTCTTCTAGAGGCTTTACTTTCTGTTCCGGGTTTGTATCATTCACTTGGTTATTTTAAGTAGTAAACTTCAGTTTCTCATGCAACTTTTGTTGCCAGCTATCACATGTCCACTAGGGACTCCAGAAGAAGACCCTACCTATGCCTGTGTTTGCAGGTGAGAAGTTGGCAGTCGGTTAGCCTGGGTTAGATAAGGCAAACTGAACAGATCTAATTTAGGAAGTCAGTAGAATTTAATAAT,"melanoma, colorectal, thyroid, ovarian and lung cancer"
BRAF,5,AGACAGGAATCGAATGAAAACACTTGGTAGACGGGACTCGAGTGATGATTGGGAGATTCCTGATGGGCAGATTACAGTGGGACAAAGAATTGGATCTGGATCATTTGGAACAGTCTACAAGGGAAAGTGGCATGGTGATGTGGCAGTGAAAATGTTGAATGTGACAGCACCTACACCTCAGCAGTTACAAGCCTTCAAAAATGAAGTAGGAGTACTCAGGAAAACACGACATGTGAATATCCTACTCTTCATGGGCTATTCCACAAAGCCACAACTGGCTATTGTTACCCAGTGGTGTGAGGGCTCCAGCTTGTATCACCATCTCCATATCATTGAGACCAAATTTGAGATGATCAAACTTATAGATATTGCACGACAGACTGCACAGGGCATGGATTACTTACACGCCAAGTCAATCATCCACAGAGACCTCAAGAGTAATAATATATTTCTTCATGAAGACCTCACAGTAAAAATAGGTGATTTTGGTCTAGCTACAGTGAAATCTCGATGGAGTGGGTCCCATCAGTTTGAACAGTTGTCTGGATCCATTTTGTGGATGGCACCAGAAGTCATCAGAATGCAAGATAAAAATCCATACAGCTTTCAGTCAGATGTATATGCATTTGGAATTGTTCTGTATGAATTGATGACTGGACAGTTACCTTATTCAAACATCAACAACAGGGACCAGATAATTTTTATGGTGGGACGAGGATACCTGTCTCCAGATCTCAGTAAGGTACGGAGTAACTGTCCAAAAGCCATGAAGAGATTAATGGCAGAGTGCCTCAAAAAGAAAAGAGATGAGAGACCACTCTTTCCCCAAATTCTCGCCTCTATTGAGCTGCTGGCCCGCTCATTGCCAAAAATTCACCGCAGTGCATCAGAACCCTCCTTGAATCGGGCTGGTTTCCAAACAGAGGATTTTAGTCTATATGCTTGTGCTTCTCCAAAAACACCCATCCAGGCAGGGGGATATGGTGCGTTTCCTGTCCAC,"melanoma, colorectal, thyroid, ovarian and lung cancer"
BRCA2,0,ATGCCTATTGGATCCAAAGAGAGGCCAACATTTTTTGAAATTTTTAAGACACGCTGCAACAAAGCAGATTTAGGACCAATAAGTCTTAATTGGTTTGAAGAACTTTCTTCAGAAGCTCCACCCTATAATTCTGAACCTGCAGAAGAATCTGAACATAAAAACAACAATTACGAACCAAACCTATTTAAAACTCCACAAAGGAAACCATCTTATAATCAGCTGGCTTCAACTCCAATAATATTCAAAGAGCAAGGGCTGACTCTGCCGCTGTACCAATCTCCTGTAAAAGAATTAGATAAATTCAAATTAGACTTAGGAAGGAATGTTCCCAATAGTAGACATAAAAGTCTTCGCACAGTGAAAACTAAAATGGATCAAGCAGATGATGTTTCCTGTCCACTTCTAAATTCTTGTCTTAGTGAAAGTCCTGTTGTTCTACAATGTACACATGTAACACCACAAAGAGATAAGTCAGTGGTATGTGGGAGTTTGTTTCATACACCAAAGTTTGTGAAGGGTCGTCAGACACCAAAACATATTTCTGAAAGTCTAGGAGCTGAGGTGGATCCTGATATGTCTTGGTCAAGTTCTTTAGCTACACCACCCACCCTTAGTTCTACTGTGCTCATAGTCAGAAATGAAGAAGCATCTGAAACTGTATTTCCTCATGATACTACTGCTAATGTGAAAAGCTATTTTTCCAATCATGATGAAAGTCTGAAGAAAAATGATAGATTTATCGCTTCTGTGACAGACAGTGAAAACACAAATCAAAGAGAAGCTGCAAGTCATGGATTTGGAAAAACATCAGGGAATTCATTTAAAGTAAATAGCTGCAAAGACCACATTGGAAAGTCAATGCCAAATGTCCTAGAAGATGAAGTATATGAAACAGTTGTAGATACCTCTGAAGAAGATAGTTTTTCATTATGTTTTTCTAAATGTAGAACAAAAAATCTACAAAAAGTAAGAACTAGCAAGACTAGGAAAAAAATTTTCCATGAAGCAAACGCTGATGAATGTGAAAAATCTAAAAACCAAGTGAAAGAAAAATACTCATTTGTATCTGAAGTGGAACCAAATGATACTGATCCATTAGATTCAAATGTAGCAAATCAGAAGCCCTTTGAGAGTGGAAGTGACAAAATCTCCAAGGAAGTTGTACCGTCTTTGGCCTGTGAATGGTCTCAACTAACCCTTTCAGGTCTAAATGGAGCCCAGATGGAGAAAATACCCCTATTGCATATTTCTTCATGTGACCAAAATATTTCAGAAAAAGACCTATTAGACACAGAGAACAAAAGAAAGAAAGATTTTCTTACTTCAGAGATTCTTTGCCACGTATTTCTAGCCTACCAAAATCAGAGAAGCCATTAAATGAGGAAACAGTGGTAAATAAGAGAGATGAAGAGCAGCATCTTGAATCTCATACAGACTGCATTCTTGCAGTAAAGCAGGCAATATCTGGAACTTCTCCAGTGGCTTCTTCATTTCAGGGTATCAAAAAGTCTATATTCAGAATAAGAGAATCACCTAAAGAGACTTTCAATGCAAGTTTTTCAGGTCATATGACTGATCCAAACTTTAAAAAAGAAACTGAAGCCTCTGAAAGTGGACTGGAAATACATACTGTTTGCTCACAGAAGGAGGACTCCTTATGTCCAAATTTAATTGATAATGGAAGCTGGCCAGCCACCACCACACAGAATTCTGTAGCTTTGAAGAATGCAGGTTTAATATCCACTTTGAAAAAGAAAACAAATAAGTTTATTTATGCTATACATGATGAAACATCTTATAAAGGAAAAAAAATACCGAAAGACCAAAAATCAGAACTAATTAACTGTTCAGCCCAGTTTGAAGCAAATGCTTTTGAAGCACCACTTACATTTGCAAATGCTGATTCAGGTTTATTGCATTCTTCTGTGAAAAGAAGCTGTTCACAGAATGATTCTGAAGAACCAACTTTGTCCTTAACTAGCTCTTTTGGGACAATTCTGAGGAAATGTTCTAGAAATGAAACATGTTC,breast cancer
BRCA2,1,AGAGGCGGAGCCGCTGTGGCACTGCTGCGCCTCTGCTGCGCCTCGGGTGTCTTTTGCGGCGGTGGGTCGCCGCCGGGAGAAGCGTGAGGGGACAGATTTGTGACCGGCGCGGTTTTTGTCAGCTTACTCCGGCCAAAAAAGAACTGCACCTCTGGAGCGGACTTATTTACCAAGCATTGGAGGAATATCGTAGGTAAAAATGCCTATTGGATCCAAAGAGAGGCCAACATTTTTTGAAATTTTTAAGACACGCTGCAACAAAGCAGATTTAGGACCAATAAGTCTTAATTGGTTTGAAGAACTTTCTTCAGAAGCTCCACCCTATAATTCTGAACCTGCAGAAGAATCTGAACATAAAAACAACAATTACGAACCAAACCTATTTAAAACTCCACAAAGGAAACCATCTTATAATCAGCTGGCTTCAACTCCAATAATATTCAAAGAGCAAGGGCTGACTCTGCCGCTGTACCAATCTCCTGTAAAAGAATTAGATAAATTCAAATTAGACTTAGGAAGGAATGTTCCCAATAGTAGACATAAAAGTCTTCGCACAGTGAAA ACTAAAATGGATCAAGCAGATGATGTTTCCTGTCCACTTCTAAATTCTTGTCTTAGTGAAAGTCCTGTTGTTCTACAATGTACACATGTAACACCACAAAGAGATAAGTCAGTGGTATGTGGGAGTTTGTTTCATACACCAAAGTTTGTGAAGGGTCGTCAGACACCAAAACATATTTCTGAAAGTCTAGGAGCTGAGGTGGATCCTGATATGTCTTGGTCAAGTTCTTTAGCTACACCACCCACCCTTAGTTCTACTGTGCTCATAGTCAGAAATGAAGAAGCATCTGAAACTGTATTTCCTCATGATACTACTGCTAATGTGAAAAGCTATTTTTCCAATCATGATGAAAGTCTGAAGAAAAATGATAGATTTATCGCTTCTGTGACAGACAGTGAAAACACAAATCAAAGAGAAGCTGCAAGTCATGGATTTGGA,breast cancer
BRCA2,2,AGAGGCGGAGCCGCTGTGGCACTGCTGCGCCTCTGCTGCGCCTCGGGTGTCTTTTGCGGCGGTGGGTCGCCGCCGGGAGAAGCGTGAGGGGACAGATTTGTGACCGGCGCGGTTTTTGTCAGCTTACTCCGGCCAAAAAAGAACTGCACCTCTGGAGCGGACTTATTTACCAAGCATTGGAGGAATATCGTAGGTAAAAATGCCTATTGGATCCAAAGAGAGGCCAACATTTTTTGAAATTTTTAAGACACGCTGCAACAAAGCAGATTTAGGACCAATAAGTCTTAATTGGTTTGAAGAACTTTCTTCAGAAGCTCCACCCTATAATTCTGAACCTGCAGAAGAATCTGAACATAAAAACAACAATTACGAACCAAACCTATTTAAAACTCCACAAAGGAAACCATCTTATAATCAGCTGGCTTCAACTCCAATAATATTCAAAGAGCAAGGGCTGACTCTGCCGCTGTACCAATCTCCTGTAAAAGAATTAGATAAATTCAAATTAGACTTAGGAAGGAATGTTCCCAATAGTAGACATAAAAGTCTTCGCACAGTGAAAACTAAAATGGATCAAGCAGATGATGTTTCCTGTCCACTTCTAAATTCTTGTCTTAGTGAAAGTCCTGTTGTTCTACAATGTACACATGTAACACCACAAAGAGATAAGTCAGTGGTATGTGGGAGTTTGTTTCATACACCAAAGTTTGTGAAGGGTCGTCAGACACCAAAACATATTTCTGAAAGTCTAGGAGCTGAGGTGGATCCTGATATGTCTTGGTCAAGTTCTTTAGCTACACCACCCACCCTTAGTTCTACTGTGCTCATAGTCAGAAATGAAGAAGCATCTGAAACTGTATTTCCTCATGATACTACTGCTAATGTGAAAAGCTATTTTTCCAATCATGATGAAAGTCTGAAGAAAAATGATAGATTTATCGCTTCTGTGACAGACAGTGAAAACACAAATCAAAGAGAAGCTGCAAGTCATGGATTTGGA,breast cancer
BRCA2,3,AGAGGCGGAGCCGCTGTGGCACTGCTGCGCCTCTGCTGCGCCTCGGGTGTCTTTTGCGGCGGTGGGTCGCCGCCGGGAGAAGCGTGAGGGGACAGATTTGTGACCGGCGCGGTTTTTGTCAGCTTACTCCGGCCAAAAAAGAACTGCACCTCTGGAGCGGACTTATTTACCAAGCATTGGAGGAATATCGTAGGTAAAAATGCCTATTGGATCCAAAGAGAGGCCAACATTTTTTGAAATTTTTAAGACACGCTGCAACAAAGCAGATTTAGGACCAATAAGTCTTAATTGGTTTGAAGAACTTTCTTCAGAAGCTCCACCCTATAATTCTGAACCTGCAGAAGAATCTGAACATAAAAACAACAATTACGAACCAAACCTATTTAAAACTCCACAAAGGAAACCATCTTATAATCAGCTGGCTTCAACTCCAATAATATTCAAAGAGCAAGGGCTGACTCTGCCGCTGTACCAATCTCCTGTAAAAGAATTAGATAAATTCAAATTAGACTTAGGAAGGAATGTTCCCAATAGTAGACATAAAAGTCTTCGCACAGTGAAAACTAAAATGGATCAAGCAGATGATGTTTCCTGTCCACTTCTAAATTCTTGTCTTAGTGAAAGTCCTGTTGTTCTACAATGTACACATGTAACACCACAAAGAGATAAGTCAGTGGTATGTGGGAGTTTGTTTCATACACCAAAGTTTGTGAAGGGTCGTCAGACACCAAAACATATTTCTGAAAGTCTAGGAGCTGAGGTGGATCCTGATATGTCTTGGTCAAGTTCTTTAGCTACACCACCCACCCTTAGTTCTACTGTGCTCATAGTCAGAAATGAAGAAGCATCTGAAACTGTATTTCCTCATGATACTACTGCTAATGTGAAAAGCTATTTTTCCAATCATGATGAAAGTCTGAAGAAAAATGATAGATTTATCGCTTCTGTGACAGACAGTGAAAACACAAATCAAAGAGAAGCTGCAAGTCATGGATTTGGA,breast cancer
BRCA2,4,"CTGAACCTGCAGAAGAATCTGAACATAAAAACAACAATTACGAACCAAACCTATTTAAAACTCCACAAAG
GAAACCATCTTATAATCAGCTGGCTTCAACTCCAATAATATTCAAAGAGCAAGGGCTGACTCTGCCGCTG
TACCAATCTCCTGTAAAAGAATTAGATAAATTCAAATTAGACTTAGGAAGGAATGTTCCCAATAGTAGAC
ATAAAAGTCTTCGCACAGTGAAAACTAAAATGGATCAAGCAGATGATGTTTCCTGTCCACTTCTAAATTC
TTGTCTTAGTGAAAGTCCTGTTGTTCTACAATGTACACATGTAACACCACAAAGAGATAAGTCAGTGGTA
TGTGGGAGTTTGTTTCATACACCAAAGTTTGTGAAGGGTCGTCAGACACCAAAACATATTTCTGAAAGTC
TAGGAGCTGAGGTGGATCCTGATATGTCTTGGTCAAGTTCTTTAGCTACACCACCCACCCTTAGTTCTAC
TGTGCTCATAGTCAGAAATGAAGAAGCATCTGAAACTGTATTTCCTCATGATACTACTGCTAATGTGAAA
AGCTATTTTTCCAATCATGATGAAAGTCTGAAGAAAAATGATAGATTTATCGCTTCTGTGACAGACAGTG
AAAACACAAATCAAAGAGAAGCTGCAAGTCATGGATTTGGAAAAACATCAGGGAATTCATTTAAAGTAAA
TAGCTGCAAAGACCACATTGGAAAGTCAATGCCAAATGTCCTAGAAGATGAAGTATATGAAACAGTTGTA
GATACCTCTGAAGAAGATAGTTTTTCATTATGTTTTTCTAAATGTAGAACAAAAAATCTACAAAAAGTAA
GAACTAGCAAGACTAGGAAAAAAATTTTCCATGAAGCAAACGCTGATGAATGTGAAAAATCTAAAAACCA
AGTGAAAGAAAAATACTCATTTGTATCTGAAGTGGAACCAAATGATACTGATCCATTAGATTCAAATGTA
GCAAATCAGAAGCCCTTTGA",breast cancer
BRCA2,5,CTGAACCTGCAGAAGAATCTGAACATAAAAACAACAATTACGAACCAAACCTATTTAAAACTCCACAAAGGAAACCATCTTATAATCAGCTGGCTTCAACTCCAATAATATTCAAAGAGCAAGGGCTGACTCTGCCGCTGTACCAATCTCCTGTAAAAGAATTAGATAAATTCAAATTAGACTTAGGAAGGAATGTTCCCAATAGTAGACATAAAAGTCTTCGCACAGTGAAAACTAAAATGGATCAAGCAGATGATGTTTCCTGTCCACTTCTAAATTCATGTCTTAGTGAAAGTCCTGTTGTTCTACAATGTACACATGTAACACCACAAAGAGATAAGTCAGTGGTTGTGGGAGTTTGTTTCATACACCAAAGTTTGTGAAGGGTCGTCAGACACCAAAACATATTTCTGAAAGTCTAGGAGCTGAGGTGGATCCTGATATGTCTTGGTCAAGTTCTTTAGCTACACCACCCACCCTTAGTTCTACTGTGCTCATAGTCAGAAATGAAGAAGCATCTGAAACTGTATTTCCTCATGATACTACTGCTAATGTGAAAAGCTATTTTTCCAATCATGATGAAAGTCTGAAGAAAAATGATAGATTTATCGCTTCTGTGACAGACAGTGAAAACACAAATCAAAGAGAAGCTGCAAGTCATGGATTTGGAAAAACATCAGGGAATTCATTTAAAGTAAATAGCTGCAAAGACCACATTGGAAAGTCAATGCCAAATGTCCTAGAAGATGAAGTATATGAAACAGTTGTAGATACCTCTGAAGAAGATAGTTTTTCATTATGTTTTTCTAAATGTAGAACAAAAAATCTACAAAAAGTAAGAACTAGCAAGACTAGGAAAAAAATTTTCCATGAAGCAAACGCTGATGAATGTGAAAAATCTAAAAACCAAGTGAAAGAAAAATACTCATTTGTATCTGAAGTGGAACCAAATGATACTGATCCATTAGATTCAAATGTAGCAAATCAGAAGCCCTTTGA,breast cancer
AKT1,0,ATGAGCGACGTGGCTATTGTGAAGGAGGGTTGGCTGCACAAACGAGGGGAGTACATCAAGACCTGGCGGCCACGCTACTTCCTCCTCAAGAATGATGGCACCTTCATTGGCTACAAGGAGCGGCCGCAGGATGTGGACCAACGTGAGGCTCCCCTCAACAACTTCTCTGTGGCGCAGTGCCAGCTGATGAAGACGGAGCGGCCCCGGCCCAACACCTTCATCATCCGCTGCCTGCAGTGGACCACTGTCATCGAACGCACCTTCCATGTGGAGACTCCTGAGGAGCGGGAGGAGTGGACAACCGCCATCCAGACTGTGGCTGACGGCCTCAAGAAGCAGGAGGAGGAGGAGATGGACTTCCGGTCGGGCTCACCCAGTGACAACTCAGGGGCTGAAGAGATGGAGGTGTCCCTGGCCAAGCCCAAGCACCGCGTGACCATGAACGAGTTTGAGTACCTGAAGCTGCTGGGCAAGGGCACTTTCGGCAAGGTGATCCTGGTGAAGGAGAAGGCCACAGGCCGCTACTACGCCATGAAGATCCTCAAGAAGGAAGTCATCGTGGCCAAGGACGAGGTGGCCCACACACTCACCGAGAACCGCGTCCTGCAGAACTCCAGGCACCCCTTCCTCACAGCCCTGAAGTACTCTTTCCAGACCCACGACCGCCTCTGCTTTGTCATGGAGTACGCCAACGGGGGCGAGCTGTTCTTCCACCTGTCCCGGGAGCGTGTGTTCTCCGAGGACCGGGCCCGCTTCTATGGCGCTGAGATTGTGTCAGCCCTGGACTACCTGCACTCGGAGAAGAACGTGGTGTACCGGGACCTCAAGCTGGAGAACCTCATGCTGGACAAGGACGGGCACATTAAGATCACAGACTTCGGGCTGTGCAAGGAGGGGATCAAGGACGGTGCCACCATGAAGACCTTTTGCGGCACACCTGAGTACCTGGCCCCCGAGGTGCTGGAGGACAATGACTACGGCCGTGCAGTGGACTGGTGGGGGCTGGGCGTGGTCATGTACGAGATGATGTGCGGTCGCCTGCCCTTCTACAACCAGGACCATGAGAAGCTTTTTGAGCTCATCCTCATGGAGGAGATCCGCTTCCCGCGCACGCTTGGTCCCGAGGCCAAGTCCTTGCTTTCAGGGCTGCTCAAGAAGGACCCCAAGCAGAGGCTTGGCGGGGGCTCCGAGGACGCCAAGGAGATCATGCAGCATCGCTTCTTTGCCGGTATCGTGTGGCAGCACGTGTACGAGAAGAAGCTCAGCCCACCCTTCAAGCCCCAGGTCACGTCGGAGACTGACACCAGGTATTTTGATGAGGAGTTCACGGCCCAGATGATCACCATCACACCACCTGACCAAGATGACAGCATGGAGTGTGTGGACAGCGAGCGCAGGCCCCACTTCCCCCAGTTCTCCTACTCGGCCAGCGGCACGGCCTGA,ovarian cancer
AKT1,1,TCAGCTGGTGCATCAGAGGCTGTGGCCAGGCCAGCTGGGCTCGGGGAGCGCCAGCCTGAGAGGAGCGCGTGAGCGTCGCGGGAGCCTCGGGCACCATGAGCGACGTGGCTATTGTGAAGGAGGGTTGGCTGCACAAACGAGGGGAGTACATCAAGACCTGGCGGCCACGCTACTTCCTCCTCAAGAATGATGGCACCTTCATTGGCTACAAGGAGCGGCCGCAGGATGTGGACCAACGTGAGGCTCCCCTCAACAACTTCTCTGTGGCGCAGTGCCAGCTGATGAAGACGGAGCGGCCCCGGCCCAACACCTTCATCATCCGCTGCCTGCAGTGGACCACTGTCATCGAACGCACCTTCCATGTGGAGACTCCTGAGGAGCGGGAGGAGTGGACAACCGCCATCCAGACTGTGGCTGACGGCCTCAAGAAGCAGGAGGAGGAGGAGATGGACTTCCGGTCGGGCTCACCCAGTGACAACTCAGGGGCTGAAGAGATGGAGGTGTCCCTGGCCAAGCCCAAGCACCGCGTGACCATGAACGAGTTTGAGTACCTGAAGCTGCTGGGCAAGGGCACTTTCGGCAAGGTGATCCTGGTGAAGGAGAAGGCCACAGGCCGCTACTACGCCATGAAGATCCTCAAGAAGGAAGTCATCGTGGCCAAGGACGAGGTGGCCCACACACTCACCGAGAACCGCGTCCTGCAGAACTCCAGGCACCCCTTCCTCACAGCCCTGAAGTACTCTTTCCAGACCCACGACCGCCTCTGCTTTGTCATGGAGTACGCCAACGGGGGCGAGCTGTTCTTCCACCTGTCCCGGGAGCGTGTGTTCTCCGAGGACCGGGCCCGCTTCTATGGCGCTGAGATTGTGTCAGCCCTGGACTACCTGCACTCGGAGAAGAACGTGGTGTACCGGGACCTCAAGCTGGAGAACCTCATGCTGGACAAGGACGGGCACATTAAGATCACAGACTTCGGGCTGTGCAAGGAGGGGATCAAGGA,ovarian cancer
AKT1,3,ACCTGAGTACCTGGCCCCCGAGGTGCTGGAGGACAATGACTACGGCCGTGCAGTGGACTGGTGGGGGCTGGGCGTGGTCATGTACGAGATGATGTGCGGTCGCCTGCCCTTCTACAACCAGGACCATGAGAAGCTTTTTGAGCTCATCCTCATGGAGGAGATCCGCTTCCCGCGCACGCTTGGTCCCGAGGCCAAGTCCTTGCTTTCAGGGCTGCTCAAGAAGGACCCCAAGCAGAGGCTTGGCGGGGGCTCCGAGGACGCCAAGGAGATCATGCAGCATCGCTTCTTTGCCGGTATCGTGTGGCAGCACGTGTACGAGAAGAAGCTCAGCCCACCCTTCAAGCCCCAGGTCACGTCGGAGACTGACACCAGGTATTTTGATGAGGAGTTCACGGCCCAGATGATCACCATCACACCACCTGACCAAGATGACAGCATGGAGTGTGTGGACAGCGAGCGCAGGCCCCACTTCCCCCAGTTCTCCTACTCGGCCAGCGGCACGGCCTGAGGCGGCGGTGGACTGCGCTGGACGATAGCTTGGAGGGATGGAGAGGCGGCCTCGTGCCATGATCTGTATTTAATGGTTTTTATTTCTCGGGTGCATTTGAGAGAAGCCACGCTGTCCTCTCGAGCCCAGATGGAAAGACGTTTTTGTGCTGTGGGCAGCACCCTCCCCCGCAGCGGGGTAGGGAAGAAAACTATCCTGCGGGTTTTAATTTATTTCATCCAGTTTGTTCTCCGGGTGTGGCCTCAGCCCTCAGAACAATCCGATTCACGTAGGGAAATGTTAAGGACTTCTGCAGCTATGCGCAATGTGGCATTGGGGGGCCGGGCAGGTCCTGCCCATGTGTCCCCTCACTCTGTCAGCCAGCCGCCCTGGGCTGTCTGTCACCAGCTATCTGTCATCTCTCTGGGGCCCTGGGCCTCAGTTCAACCTGGTGGCACCAGATGCAACCTCACTATGGTATGCTGGCCAGCACCCTCTCCTGGGGGTGGCAGG,ovarian cancer
AKT1,4,GGGCAAGGGCACTTTCGGCAAGGTGATCCTGGTGAAGGAGAAGGCCACAGGCCGCTACTACGCCATGAAGATCCTCAAGAAGGAAGTCATCGTGGCCAAGGACGAGGTGGCCCACACACTCACCGAGAACCGCGTCCTGCAGAACTCCAGGCACCCCTTCCTCACAGCCCTGAAGTACTCTTTCCAGACCCACGACCGCCTCTGCTTTGTCATGGAGTACGCCAACGGGGGCGAGCTGTTCTTCCACCTGTCCCGGGAGCGTGTGTTCTCCGAGGACCGGGCCCGCTTCTATGGCGCTGAGATTGTGTCAGCCCTGGACTACCTGCACTCGGAGAAGAACGTGGTGTACCGGGACCTCAAGCTGGAGAACCTCATGCTGGACAAGGACGGGCACATTAAGATCACAGACTTCGGGCTGTGCAAGGAGGGGATCAAGGACGGTGCCACCATGAAGACCTTTTGCGGCACACCTGAGTACCTGGCCCCCGAGGTGCTGGAGGACAATGACTACGGCCGTGCAGTGGACTGGTGGGGGCTGGGCGTGGTCATGTACGAGATGATGTGCGGTCGCCTGCCCTTCTACAACCAGGACCATGAGAAGCTTTTTGAGCTCATCCTCATGGAGGAGATCCGCTTCCCGCGCACGCTTGGTCCCGAGGCCAAGTCCTTGCTTTCAGGGCTGCTCAAGAAGGACCCCAAGCAGAGGCTTGGCGGGGGCTCCGAGGACGCCAAGGAGATCATGCAGCATCGCTTCTTTGCCGGTATCGTGTGGCAGCACGTGTACGAGAAGAAGCTCAGCCCACCCTTCAAGCCCCAGGTCACGTCGGAGACTGACACCAGGTATTTTGATGAGGAGTTCACGGCCCAGATGATCACCATCACACCACCTGACCAAGATGACAGCATGGAGTGTGTGGACAGCGAGCGCAGGCCCCACTTCCCCCAGTTCTCCTACTCGGCCAGCGGCACGGCCTGAGGCGGCGGTGGACTGCGCTGGACG,ovarian cancer
AKT1,5,GCGGCCGAGCACCGAGCGCTGGGCACCGGGCACCGAGCGGCGGCGGCACGCGAGGCCCGGCCCCGAGCAGCGCCCCCGCCCGCCGCGGCCTCCAGCCCGGCCCCGCCCAGCGCCGGCCCGCGGGGATGCGGAGCGGCGGGCGCCGGAGGCCGCGGCCCGGCTAGGCCCGCGCTCGCGCCCGGACGCGGCGGCCCGTCTGGGGAGCAGGGAGGAGCCCTGTGCCCTGTCCCAGGATCCATGGGTAGGAACACCATGGACAGGGAGAGCAAACGGGGCCATCTGTCACCAGGGGCTTAGGGAAGGCCGAGCCAGCCTGGGTCAAAGAAGTCAAAGGGGCTGCCTGGAGGAGGCAGCCTGTCAGCTGGTGCATCAGAGGCTGTGGCCAGGCCAGCTGGGCTCGGGGAGCGCCAGCCTGAGAGGAGCGCGTGAGCGTCGCGGGAGCCTCGGGCACCATGAGCGACGTGGCTATTGTGAAGGAGGGTTGGCTGCACAAACGAGGGGAGTACATCAAGACCTGGCGGCCACGCTACTTCCTCCTCAAGAATGATGGCACCTTCATTGGCTACAAGGAGCGGCCGCAGGATGTGGACCAACGTGAGGCTCCCCTCAACAACTTCTCTGTGGCGCAGTGCCAGCTGATGAAGACGGAGCGGCCCCGGCCCAACACCTTCATCATCCGCTGCCTGCAGTGGACCACTGTTCATCGAACGCACCTTCCATGTGGAGACTCCTGAGGAGCGGGAGGAGTGGACAACCGCCATCCAGACTGTGGCTGACGGCCTCAAGAAGCAGGAGGAGGAGGAGATGGACTTCCGGTCGGGCTCACCCAGTGACAACTCAGGGGCTGAAGAGATGGAGGTGTCCCTGGCCAAGCCCAAGCACCGCGTGACCATGAACGAGTTTGAGTACCTGAAGCTGCTGGGCAAGGGCACTTTCGGCAAGGTGATCCTGGTGAAGGAGAAGGCCACAGGCCGCTACTACGCCATGAAGATCCTCAAGAA,ovarian cancer
AKT1,5,AGAACGTGGTGTACCGGGACCTCAAGCTGGAGAACCTCATGCTGGACAAGGACGGGCACATTAAGATCACAGACTTCGGGCTGTGCAAGGAGGGGATCAAGGACGGTGCCACCATGAAGACCTTTTGCGGCACACCTGAGTACCTGGCCCCCGAGGTGCTGGAGGACAATGACTACGGCCGTGCAGTGGACTGGTGGGGGCTGGGCGTGGTCATGTACGAGATGATGTGCGGTCGCCTGCCCTTCTACAACCAGGACCATGAGAAGCTTTTTGAGCTCATCCTCATGGAGGAGATCCGCTTCCCGCGCACGCTTGGTCCCGAGGCCAAGTCCTTGCTTTCAGGGCTGCTCAAGAAGGACCCCAAGCAGAGGCTTGGCGGGGGCTCCGAGGACGCCAAGGAGATCATGCAGCATCGCTTCTTTGCCGGTATCGTGTGGCAGCACGTGTACGAGAAGAAGCTCAGCCCACCCTTCAAGCCCCAGGTCACGTCGGAGACTGACACCAGGTATTTTGATGAGGAGTTCACGGCCCAGATGATCACCATCACACCACCTGACCAAGATGACAGCATGGAGTGTGTGGACAGCGAGCGCAGGCCCCACTTCCCCCAGTTCTCCTACTCGGCCAGCGGCACGGCCTGAGGCGGCGGTGGACTGCGCTGGACGATAGCTTGGAGGGATGGAGAGGCGGCCTCGTGCCATGATCTGTATTTAATGGTTTTTATTTCTCGGGTGCATTTGAGAGAAGCCACGCTGTCCTCTCGAGCCCAGATGGAAAGACGTTTTTGTGCTGTGGGCAGCACCCTCCCCCGCAGCGGGGTAGGGAAGAAAACTATCCTGCAGGGTTTTAATTTATTTCATCCAGTTTGTTCTCCGGGTGTGGCCTCAGCCCTCAGAACAATCCGATTCACGTAGGGAAATGTTAAGGACTTCTGCAGCTATGCGCAATGTGGCATTGGGGGGCCGGGCAGGTCCTGCCCATGTGTCCCCTCACTCTGTCAG,ovarian cancer
NRAS,0,GGGGCCGGAAGTGCCGCTCCTTGGTGGGGGCTGTTCATGGCGGTTCCGGGGTCTCCAACATTTTTCCCGGCTGTGGTCCTAAATCTGTCCAAAGCAGAGGCAGTGGAGCTTGAGGTAAGTTTATCTCATGCATAGTGTT... (truncated for display),"melanoma, acute myeloid leukemia and other cancers"
NRAS,2,TGGTCCTAAATCTGTCCAAAGCAGAGGCAGTGGAGCTTGAGGTTCTTGCTGGTGTGAAATGACTGAGTACAAACTGGTGGTGGTTGGAGCAGGTGGTGTTGGGAAAAGCGCACTGACAATCCAGCTAATCCAGAACCACTTTGTAGATGAATATGATCCCACCATAGAGGATTCTTACAGAAAACAAGTGGTTATAGATGGTGAAACCTGTTTGTTGGACATACTGGATACAGCTGGACAAGAAGAGTACAGTGCCATGAGAGACCAATACATGAGGACAGGCGAAGGCTTCCTCTGTGTATTTGCCATCAATAATAGCAAGTCATTTGCGGATATTAACCTCTACAGGGAGCAGATTAAGCGAGTAAAAGACTCGGATGATGTACCTATGGTGCTAGTGGGAAACAAGTGTGATTTGCCAACAAGGACAGTTGATACAAAACAAGCCCACGAACTGGCCAAGAGTTACGGGATTCCATTCATTGAAACCTCAGCCAAGACCAGACAGGGTGTTGAAGATGCTTTTTACACACTGGTAAGAGAAATACGCCAGTACCGAATGAAAAAACTCAACAGCAGTGATGATGGGACTCAGGGTTGTATGGGATTGCCATGTGTGGTGATGTAACAAGATACTTTTAAAGTTTTGTCAGAAAAGAGCCACTTTCAAGCTGCACTGACACCCTGGTCCTGACTTCCCTGGAGGAGAAGTATTCCTGTTGCTGTCTTCAGTCTCACAGAGAAGCTCCTGCTACTTCCCCAGCTCTCAGTAGTTTAGTACAATAATCTCTATTTGAGAAGTTCTCAGAATAACTACCTCCTCACTTGGCTGTCTGACCAGAGAATGCACCTCTTGTTACTCCCTGTTATTTTTCTGCCCTGGGTTCTTCCACAGCACAAACACACCTCTGCCACCCCAGGTTTTTCATCTGAAAAGCAGTTCATGTCTGAAACAGAGAACCAAACCGCAAACGTGAAATTCATTGAAAACAGTGTCTT,"melanoma, acute myeloid leukemia and other cancers"
NRAS,3,AGCTAATCCAGAACCACTTTGTAGATGAATATGATCCCACCATAGAGGATTCTTACAGAAAACAAGTGGTTATAGATGGTGAAACCTGTTTGTTGGACATACTGGATACAGCTGGACAAGAAGAGTACAGTGCCATGAGAGACCAATACATGAGGACAGGCGAAGGCTTCCTCTGTGTATTTGCCATCAATAATAGCAAGTCATTTGCGGATATTAACCTCTACAGGGAGCAGATTAAGCGAGTAAAAGACTCGGATGATGTACCTATGGTGCTAGTGGGAAACAAGTGTGATTTGCCAACAAGGACAGTTGATACAAAACAAGCCCACGAACTGGCCAAGAGTTACGGGATTCCATTCATTGAAACCTCAGCCAAGACCAGACAGGGTGTTGAAGATGCTTTTTACACACTGGTAAGAGAAATACGCCAGTACCGAATGAAAAAACTCAACAGCAGTGATGATGGGACTCAGGGTTGTATGGGATTGCCATGTGTGGTGATGTAACAAGATACTTTTAAAGTTTTGTCAGAAAAGAGCCACTTTCAAGCTGCACTGACACCCTGGTCCTGACTTCCCTGGAGGAGAAGTATTCCTGTTGCTGTCTTCAGTCTCACAGAGAAGCTCCTGCTACTTCCCCAGCTCTCAGTAGTTTAGTACAATAATCTCTATTTGAGAAGTTCTCAGAATAACTACCTCCTCACTTGGCTGTCTGACCAGAGAATGCACCTCTTGTTACTCCCTGTTATTTTTCTGCCCTGGGTTCTTCCACAGCACAAACACACCTCTGCCACCCCAGGTTTTTCATCTGAAAAGCAGTTCATGTCTGAAACAGAGAACCAAACCGCAAACGTGAAATTCTATTGAAAACAGTGTCTTGAGCTCTAAAGTAGCAACTGCTGGTGATTTTTTTTTTCTTTTTACTGTTGAACTTAGAACTATGCTAATTTTTGGAGAAATGTCATAAATTACTGTTTTGCCAAGAATATAGTTATTATTGC,"melanoma, acute myeloid leukemia and other cancers"
NRAS,4,TAAATCTGTCCAAAGCAGAGGCAGTGGAGCTTGAGGTTCTTGCTGGTGTGAAATGACTGAGTACAAACTGGTGGTGGTTGGAGCAGGTGGTGTTGGGAAAAGCGCACTGACAATCCAGCTAATCCAGAACCACTTTGTAGATGAATATGATCCCACCATAGAGGATTCTTACAGAAAACAAGTGGTTATAGATGGTGAAACCTGTTTGTTGGACATACTGGATACAGCTGGACAAGAAGAGTACAGTGCCATGAGAGACCAATACATGAGGACAGGCGAAGGCTTCCTCTGTGTATTTGCCATCAATAATAGCAAGTCATTTGCGGATATTAACCTCTACAGGGAGCAGATTAAGCGAGTAAAAGACTCGGATGATGTACCTATGGTGCTAGTGGGAAACAAGTGTGATTTGCCAACAAGGACAGTTGATACAAAACAAGCCCACGAACTGGCCAAGAGTTACGGGATTCCATTCATTGAAACCTCAGCCAAGACCAGACAGGGTGTTGAAGATGCTTTTTACACACTGGTAAGAGAAATACGCCAGTACCGAATGAAAAAACTCAACAGCAGTGATGATGGGACTCAGGGTTGTATGGGATTGCCATGTGTGGTGATGTAACAAGATACTTTTAAAGTTTTGTCAGAAAAGAGCCACTTTCAAGCTGCACTGACACCCTGGTCCTGACTTCCCTGGAGGAGAAGTATTCCTGTTGCTGTCTTCAGTCTCACAGAGAAGCTCCTGCTACTTCCCCAGCTCTCAGTAGTTTAGTACAATAATCTCTATTTGAGAAGTTCTCAGAATAACTACCTCCTCACTTGGCTGTCTGACCAGAGAATGCACCTCTTGTTACTCCCTGTTATTTTTCTGCCCTGGGTTCTTCCACAGCACAAACACACCTCTGCCACCCCAGGTTTTTCATCTGAAAAGCAGTTCATGTCTGAAACAGAGAACCAAACCGCAAACGTGAAATTCTATTGAAAACAGTGTCTTGAGCTC,"melanoma, acute myeloid leukemia and other cancers"
NRAS,5,GGGGCCGGAAGTGCCGCTCCTTGGTGGGGGCTGTTCATGGCGGTTCCGGGGTCTCCAACATTTTTCCCGGCTGTGGTCCTAAATCTGTCCAAAGCAGAGGCAGTGGAGCTTGAGGTTCTTGCTGGTGTGAAATGACTGAGTACAAACTGGTGGTGGTTGGAGCAGGTGGTGTTGGGAAAAGCGCACTGACAATCCAGCTAATCCAGAACCACTTTGTAGATGAATATGATCCCACCATAGAGGATTCTTACAGAAAACAAGTGGTTATAGATGGTGAAACCTGTTTGTTGGACATACTGGATACAGCTGGACAAGAAGAGTACAGTGCCATGAGAGACCAATACATGAGGACAGGCGAAGGCTTCCTCTGTGTATTTGCCATCAATAATAGCAAGTCATTTGCGGATATTAACCTCTACAGGGAGCAGATTAAGCGAGTAAAAGACTCGGATGATGTACCTATGGTGCTAGTGGGAAACAAGTGTGATTTGCCAACAAGGACAGTTGATACAAAACAAGCCCACGAACTGGCCAAGAGTTACGGGATTCCATTCATTGAAACCTCAGCCAAGACCAGACAGGGTGTTGAAGATGCTTTTTACACACTGGTAAGAGAAATACGCCAGTACCGAATGAAAAAACTCAACAGCAGTGATGATGGGACTCAGGGTTGTATGGGATTGCCATGTGTGGTGATGTAACAAGATACTTTTAAAGTTTTGTCAGAAAAGAGCCACTTTCAAGCTGCACTGACACCCTGGTCCTGACTTCCCTGGAGGAGAAGTATTCCTGTTGCTGTCTTCAGTCTCACAGAGAAGCTCCTGCTACTTCCCCAGCTCTCAGTAGTTTAGTACAATAATCTCTATTTGAGAAGTTCTCAGAATAACTACCTCCTCACTTGGCTGTCTGACCCAGAGAATGCACCTCTTGTTACTCCCTGTTATTTTTCTGCCCTGGGTTCTTCCACAGCACAAACACACCTCTGCCACCCCAGGTTTTTC,"melanoma, acute myeloid leukemia and other cancers"
NRAS,5,GGGGCCGGAAGTGCCGCTCCTTGGTGGGGGCTGTTCATGGCGGTTCCGGGGTCTCCAACATTTTTCCCGGCTGTGGTCCTAAATCTGTCCAAAGCAGAGGCAGTGGAGCTTGAGGTTCTTGCTGGTGTGAAATGACTGAGTACAAACTGGTGGTGGTTGGAGCAGGTGGTGTTGGGAAAAGCGCACTGACAATCCAGCTAATCCAGAACCACTTTGTAGATGAATATGATCCCACCATAGAGGATTCTTACAGAAAACAAGTGGTTATAGATGGTGAAACCTGTTTGTTGGACATACTGGATACAGCTGGACAAGAAGAGTACAGTGCCATGAGAGACCAATACATGAGGACAGGCGAAGGCTTCCTCTGTGTATTTGCCATCAATAATAGCAAGTCATTTGCGGATATTAACCTCTACAGGGAGCAGATTAAGCGAGTAAAAGACTCGGATGATGTACCTATGGTGCTAGTGGGAAACAAGTGTGATTTGCCAACAAGGACAGTTGATACAAAACAAGCCCACGAACTGGCCAAGAGTTACGGGATTCCATTCATTGAAACCTCAGCCAAGACCAGACAGGGTGTTGAAGATGCTTTTTACACACTGGTAAGAGAAATACGCCAGTACCGAATGAAAAAACTCAACAGCAGTGATGATGGGACTCAGGGTTGTATGGGATTGCCATGTGTGGTGATGTAACAAGATACTTTTAAAGTTTTGTCAGAAAAGAGCCACTTTCAAGCTGCACTGACACCCTGGTCCTGACTTCCCTGGAGGAGAAGTATTCCTGTTGCTGTCTTCAGTCTCACAGAGAAGCTCCTGCTACTTCCCCAGCTCTCAGTAGTTTAGTACAATAATCTCTATTTGAGAAGTTCTCAGAATAACTACCTCCTCACTTGGCTGTCTGACCAGAGAATGCACCTCTTGTTACTCCCTGTTATTTTTCTGCCCTGGGTTCTTCCACAGCACAAACACACCTCTGCCACCCCAGGTTTTTC,"melanoma, acute myeloid leukemia and other cancers"
HRAS,0,AGGCCCGCCCGAGTCTCCGCCGCCCGTGCCCTGCGCCCGCAACCCGAGCCGCACCCGCCGCGGACGGAGCCCCATGCGCGGGGCGAACCGCGCGCCCCCGCCCCCGCCCCGCCCCGGCCTCGGCCCCGGCCCTGGCCCCGGGGGCAGTCGCGCCTGTGAACGGTGAGTGCGGGCAGGGATCGGCCGGGCCGCGCGCCCTCCTCGCCCCCAGGCGGCAGCAATACGCGCGGCGCGGGCCGGGGGCGCGGGGCCGGCGGGCGTAAGCGGCGGCGGCGGCGGCGGCGGCGGGTGGGTGGGGCCGGGCGGGGCCCGCGGGCACAGGTGAGCGGGCGTCGGGGGCTGCGGCGGGCGGGGGCCCCTTCCTCCCTGGGGCCTGCGGGAATCCGGGCCCCACCCGTGGCCTCGCGCTGGGCACGGTCCCCACGCCGGCGTACCCGGGAGCCTCGGGCCCGGCGCCCTCACACCCGGGGGCGTCTGGGAGGAGGCGGCCGCGGCCACGGCACGCCCGGGCACCCCCGATTCAGCATCACAGGTCGCGGACCAGGCCGGGGGCCTCAGCCCCAGTGCCTTTTCCCTCTCCGGGTCTCCCGCGCCGCTTCTCGGCCCCTTCCTGTCGCTCAGTCCCTGCTTCCCAGGAGCTCCTCTGTCTTCTCCAGCTTTCTGTGGCTGAAAGATGCCCCCGGTTCCCCGCCGGGGGTGCGGGGCGCTGCCCGGGTCTGCCCTCCCCTCGGCGGCGCCTAGTACGCAGTAGGCGCTCAGCAAATACTTGTCGGAGGCACCAGCGCCGCGGGGCCTGCAGGCTGGCACTAGCCTGCCCGGGCACGCCGTGGCGCGCTCCGCCGTGGCCAGACCTGTTCTGGAGGACGGTAACCTCAGCCCTCGGGCGCCTCCCTTTAGCCTTTCTGCCGACCCAGCAGCTTCTAATTTGGGTGCGTGGTTGAGAGCGCTCAGCTGTCAGCCCTGCCTTTGAGGGCTGGGTCCCTTTTCCCATCACTGGGTCATTAAGAGCAAGTGGGGGCGAGGCGACAGCCCTCCCGCACGCTGGGTTGCAGCTGCACAGGTAGGCACGCTGCAGTCCTTGCTGCCTGGCGTTGGGGCCCAGGGACCGCTGTGGGTTTGCCCTTCAGATGGCCCTGCCAGCAGCTGCCCTGTGGGGCCTGGGGCTGGGCCTGGGCCTGGCTGAGCAGGGCCCTCCTTGGCAGGTGGGGCAGGAGACCCTGTAGGAGGACCCCGGGCCGCAGGCCCCTGAGGAGCGATGACGGAATATAAGCTGGTGGTGGTGGGCGCCGGCGGTGTGGGCAAGAGTGCGCTGACCATCCAGCTGATCCAGAACCATTTTGTGGACGAATACGACCCCACTATAGAGGTGAGCCTGGCGCCGCCGTCCAGGTGCCAGCAGCTGCTGCGGGCGAGCCCAGGACACAGCCAGGATAGGGCTGGCTGCAGCCCCTGGTCCCCTGCATGGTGCTGTGGCCCTGTCTCCTGCTTCCTCTAGAGGAGGGGAGTCCCTCGTCTCAGCACCCCAGGAGAGGAGGGGGCATGAGGGGCATGAGAGGTACCAGGGAGAGGCTGGCTGTGTGAACTCCCCCCACGGAAGGTCCTGAGGGGGTCCCTGAGCCCTGTCCTCCTGCAGGATTCCTACCGGAAGCAGGTGGTCATTGATGGGGAGACGTGCCTGTTGGACATCCTGGATACCGCCGGCCAGGAGGAGTACAGCGCCATGCGGGACCAGTACATGCGCACCGGGGAGGGCTTCCTGTGTGTGTTTGCCATCAACAACACCAAGTCTTTTGAGGACATCCACCAGTACAGGTGAACCCCGTGAGGCTGGCCCGGGAGCCCACGCCGCACAGGTGGGGCCAGGCCGGCTGCGTCCAGGCAGGGGCCTCCTGTCCTCTCTGCGCATGTCCTGGATGCCGCTGCGCCTGCAGCCCCCGTAGCCAGCTCTCGCTTTCCACCTCTCAGGGAGCAGATCAAACGGGTGAAGGACTCGGATGACGTGCCCATGGTGCTGGTGGGGAACAAGTGTGACCTGGCTGCACGCACTGTGGAATCTCGGCAGGCTCAGGACCTCGCCCGAAGCTACGGCATCCCCTACATCGAGACCTCGGCCAAGACCCGGCAGGTGAGGCAGCTCTCCACCCCACAGCTAGCCAGGGACCCGCCCCGCCCCGCCCCAGCCAGGGAGCAGCACTCACTGACCCTCTCCCTTGACACAGGGCAGCCGCTCTGGCTCTAGCTCCAGCTCCGGGACCCTCTGGGACCCCCCGGGACCCATGTGACCCAGCGGCCCCTCGCGCTGTAAGTCTCCCGGGACGGCAGGGCAGTGAGGGAGGCGAGGGCCGGGGTCTGGGCTCACGCCCTGCAGTCCTGGGCCGACACAGCTCCGGGGAAGGCGGAGGTCCTTGGGGAGAGCTGCCCTGAGCCAGGCCGGAGCGGTGACCCTGGGGCCCGGCCCCTCTTGTCCCCAGAGTGTCCCACGGGCACCTGTTGGTTCTGAGTCTTAGTGGGGCTACTGGGGACACGGGCCGTAGCTGAGTCGAGAGCTGGGTGCAGGGTGGTCAAACCCTGGCCAGACCTGGAGTTCAGGAGGGCCCCGGGCCACCCTGACCTTTGAGGGGCTGCTGTAGCATGATGCGGGTGGCCCTGGGCACTTCGAGATGGCCAGAGTCCAGCTTCCCGTGTGTGTGGTGGGCCTGGGGAAGTGGCTGGTGGAGTCGGGAGCTTCGGGCCAGGCAAGGCTTGATCCCACAGCAGGGAGCCCCTCACCCAGGCAGGCGGCCACAGGCCGGTCCCTCCTGATCCCATCCCTCCTTTCCCAGGGAGTGGAGGATGCCTTCTACACGTTGGTGCGTGAGATCCGGCAGCACAAGCTGCGGAAGCTGAACCCTCCTGATGAGAGTGGCCCCGGCTGCATGAGCTGCAAGTGTGTGCTCTCCTGACGCAGGTGAGGGGGACTCCCAGGGCGGCCGCCACGCCCACCGGATGACCCCGGCTCCCCGCCCCTGCCGGTCTCCTGGCCTGCGGTCAGCAGCCTCCCTTGTGCCCCGCCCAGCACAAGCTCAGGACATGGAGGTGCCGGATGCAGGAAGGAGGTGCAGACGGAAGGAGGAGGAAGGAAGGACGGAAGCAAGGAAGGAAGGAAGGGCTGCTGGAGCCCAGTCACCCCGGGACCGTGGGCCGAGGTGACTGCAGACCCTCCCAGGGAGGCTGTGCACAGACTGTCTTGAACATCCCAAATGCCACCGGAACCCCAGCCCTTAGCTCCCCTCCCAGGCCTCTGTGGGCCCTTGTCGGGCACAGATGGGATCACAGTAAATTATTGGATGGTCTTGA,"thyroid, kidney, and bladder cancer"
HOXB13,0,CTCTTGCGTCAAGACGGCCGTGCTGAGCGAATGCAGGCGACTTGCGAGCTGGGAGCGATTTAAAACGCTTTGGATTCCCCCGGCCTGGGTGGGGAGAGCGAGCTGGGTGCCCCCTAGATTCCCCGCCCCCGCACCTCATGAGCCGACCCTCGGCTCCATGGAGCCCGGCAATTATGCCACCTTGGATGGAGCCAAGGATATCGAAGGCTTGCTGGGAGCGGGAGGGGGGCGGAATCTGGTCGCCCACTCCCCTCTGACCAGCCACCCAGCGGCGCCTACGCTGATGCCTGCTGTCAACTATGCCCCCTTGGATCTGCCAGGCTCGGCGGAGCCGCCAAAGCAATGCCACCCATGCCCTGGGGTGCCCCAGGGGACGTCCCCAGCTCCCGTGCCTTATGGTTACTTTGGAGGCGGGTACTACTCCTGCCGAGTGTCCCGGAGCTCGCTGAAACCCTGTGCCCAGGCAGCCACCCTGGCCGCGTACCCCGCGGAGACTCCCACGGCCGGGGAAGAGTACCCCAGCCGCCCCACTGAGTTTGCCTTCTATCCGGGATATCCGGGAACCTACCAGCCTATGGCCAGTTACCTGGACGTGTCTGTGGTGCAGACTCTGGGTGCTCCTGGAGAACCGCGACATGACTCCCTGTTGCCTGTGGACAGTTACCAGTCTTGGGCTCTCGCTGGTGGCTGGAACAGCCAGATGTGTTGCCAGGGAGAACAGAACCCACCAGGTCCCTTTTGGAAGGCAGCATTTGCAGGTACCTCTATTACCCTGGGTCCCCTTGTCTCTGAGCCTGGGGTTGTGGGTCCCAATGGCATTTCCCTGGGAGGAGGAGGAGGGAGACTTGGAGCTGGTGAGGATGAGCTTGGTGCTCCTCCCTTGGTTATTAGGACTCTGAAGGAGGTCTGAGTAGCTGGAGGGCCTGGATGGAGGTCAGTGTGAGGGGCCTGAGCTGGGTGCTATCTGAAGCCTGAAGGCACCTCACTTCTCCAGGAGGCCCTGGGACCAGCCTTTCAACATGTCTGAGAGGTTTAGATCTCTTTGCTGTTGAGTGGGGATCAGGGTGTCCCTACCCAGCACAATTCCAAACTAATTCTACACAAAAGCTAAATAACTCTCAATTCGGTGCGTGGGGAGTGGGTGTGGGAGATGGGTAAAAAGGTATTGGATGTACTGTAGAGAATACAACCTCTCACTTTCTATTAGATGAGTTTTCCAATTTCCAAAGAAAAATTTAGGTTTCCTGCAGCCGTGACATATGTGTGTGCACTGGGATGGGTTAATGTGTGTGTGTGTGTGTGTATGCGCATGTATTGGGAGTGGGGGGAGAAACGTGTTTCCAGAATTTGCCTGTAGAATCTAAAAGAGTGGCCAAGAGTCTGGAAATGCATGAAGACTGGACGTATGTGATGGTGGGCAAAGGCCTGACTGTGTGTGGTGTGTGGGTATGTTTGCAGATTCGCGGGTGTGAGAGCAGTGATGGGTGAGGGTGGCCTTCAGGAGCCAAGGCTGAGCGGTGGTGAGAGAACAAGCCGGAAAGCCAGGGTGCTGTCCTGGTATGCTTTGGAGGAACAGGATTGCACGTGCGCCTGTAGGGTGACCTGTGTGCACCTGTGAGATGACTTAGCTTGGGGCTTGCAAGGCCTGGGTCTGCATGGGTGGGTATCTGACCATGCCTTTTCCTCCCTCCCTTTCACGCCGCGCAGACTCCAGCGGGCAGCACCCTCCTGACGCCTGCGCCTTTCGTCGCGGCCGCAAGAAACGCATTCCGTACAGCAAGGGGCAGTTGCGGGAGCTGGAGCGGGAGTATGCGGCTAACAAGTTCATCACCAAGGACAAGAGGCGCAAGATCTCGGCAGCCACCAGCCTCTCGGAGCGCCAGATTACCATCTGGTTTCAGAACCGCCGGGTCAAAGAGAAGAAGGTTCTCGCCAAGGTGAAGAACAGCGCTACCCCTTAAGAGATCTCCTTGCCTGGGTGGGAGGAGCGAAAGTGGGGGTGTCCTGGGGAGACCAGGAACCTGCCAAGCCAGGCTGGGGCCAAGGACTCTGCTGAGAGGCCCCTAGAGACAACACCCTTCCCAGGCCACTGGCTGCTGGACTGTTCCTCAGGAGCGGCCTGGGTACCCAGTATGTGCAGGGAGACGGAACCCCATGTGACAGCCCACTCCACCAGGGTTCCCAAAGAACCTGGCCCAGTCATAATCATTCATCCTGACAGTGGCAATAATCACGATAACCAGTACTAGCTGCCATGATCGTTAGCCTCATATTTTCTATCTAGAGCTCTGTAGAGCACTTTAGAAACCGCTTTCATGAATTGAGCTAATTATGAATAAATTTGGAAGGCGATCCCTTTGCAGGGAAGCTTTCTCTCAGACCCCCTTCCATTACACCTCTCACCCTGGTAACAGCAGGAAGACTGAGGAGAGGGGAACGGGCAGATTCGTTGTGTGGCTGTGATGTCCGTTTAGCATTTTTCTCAGCTGACAGCTGGGTAGGTGGACAATTGTAGAGGCTGTCTCTTCCTCCCTCCTTGTCCACCCCATAGGGTGTACCCACTGGTCTTGGAAGCACCCATCCTTAATACGATGATTTTTCTGTCGTGTGAAAATGAAGCCAGCAGGCTGCCCCTAGTCAGTCCTTCCTTCCAGAGAAAAAGAGATTTGAGAAAGTGCCTGGGTAATTCACCATTAATTTCCTCCCCCAAACTCTCTGAGTCTTCCCTTAATATTTCTGGTGGTTCTGACCAAAGCAGGTCATGGTTTGTTGAGCATTTGGGATCCCAGTGAAGTAGATGTTTGTAGCCTTGCATACTTAGCCCTTCCCAGGCACAAACGGAGTGGCAGAGTGGTGCCAACCCTGTTTTCCCAGTCCACGTAGACAGATTCACAGTGCGGAATTCTGGAAGCTGGAGACAGACGGGCTCTTTGCAGAGCCGGGACTCTGAGAGGGACATGAGGGCCTCTGCCTCTGTGTTCATTCTCTGATGTCCTGTACCTGGGCTCAGTGCCCGGTGGGACTCATCTCCTGGCCGCGCAGCAAAGCCAGCGGGTTCGTGCTGGTCCTTCCTGCACCTTAGGCTGGGGGTGGGGGGCCTGCCGGCGCATTCTCCACGATTGAGCGCACAGGCCTGAAGTCTGGACAACCCGCAGAACCGAAGCTCCGAGCAGCGGGTCGGTGGCGAGTAGTGGGGTCGGTGGCGAGCAGTTGGTGGTGGGCCGCGGCCGCCACTACCTCGAGGACATTTCCCTCCCGGAGCCAGCTCTCCTAGAAACCCCGCGGCGGCCGCCGCAGCCAAGTGTTTATGGCCCGCGGTCGGGTGGGATCCTAGCCCTGTCTCCTCTCCTGGGAAGGAGTGAGGGTGGGACGTGACTTAGACACCTACAAATCTATTTACCAAAGAGGAGCCCGGGACTGAGGGAAAAGGCCAAAGAGTGTGAGTGCATGCGGACTGGGGGTTCAGGGGAAGAGGACGAGGAGGAGGAAGATGAGGTCGATTTCCTGATTTAAAAAATCGTCCAAGCCCCGTGGTCCAGCTTAAGGTCCTCGGTTACATGCGCCGCTCAGAGCAGGTCACTTTCTGCCTTCCACGTCCTCCTTCAAGGAAGCCCCATGTGGGTAGCTTTCAATATCGCAGGTTCTTACTCCTCTGCCTCTATAAGCTCAAACCCACCAACGATCGGGCAAGTAAACCCCCTCCCTCGCCGACTTCGGAACTGGCGAGAGTTCAGCGCAGATGGGCCTGTGGGGAGGGGGCAAGATAGATGAGGGGGAGCGGCATGGTGCGGGGTGACCCCTTGGAGAGAGGAAAAAGGCCACAAGAGGGGCTGCCACCGCCACTAACGGAGATGGCCCTGGTAGAGACCTTTGGGGGTCTGGAACCTCTGGACTCCCCATGCTCTAACTCCCACACTCTGCTATCAGAAACTTAAACTTGAGGATTTTCTCTGTTTTTCACTCGCAATAAATTCAGAGCAAACAAAA,prostate cancer
HOXB13,5,CTCTTGCGTCAAGACGGCCGTGCTGAGCGAATGCAGGCGACTTGCGAGCTGGGAGCGATTTAAAACGCTTTGGATTCCCCCGGCCTGGGTGGGGAGAGCGAGCTGGGTGCCCCCTAGATTCCCCGCCCCCGCACCTCATGAGCCGACCCTCGGCTCCATGGAGCCCGGCAATTATGCCACCTTGGATGGAGCCAAGGATATCGAAGGCTTGCTGGGAGCGGGAGGGGGGCGGAATCTGGTCGCCCACTCCCCTCTGACCAGCCACCCAGCGGCGCCTACGCTGATGCCTGCTGTCAACTATGCCCCCTTGGATCTGCCAGGCTCGGCGGAGCCGCCAAAGCAATGCCACCCATGCCCTGGGGTGCCCCAGGGGACGTCCCCAGCTCCCGTGCCTTATGGTTACTTTGGAGGCGGGTACTACTCCTGCCGAGTGTCCCGGAGCTCGCTGAAACCCTGTGCCCAGGCAGCCACCCTGGCCGCGTACCCCGCGGAGACTCCCACGGCCGGGGAAGAGTACCCCAGCCGCCCCACTGAGTTTGCCTTCTATCCGGGATATCCGGGAACCTACCAGCCTATGGCCAGTTACCTGGACGTGTCTGTGGTGCAGACTCTGGGTGCTCCTGGAGAACCGCGACATGACTCCCTGTTGCCTGTGGACAGTTACCAGTCTTGGGCTCTCGCTGGTGGCTGGAACAGCCAGATGTGTTGCCAGGGAGAACAGAACCCACCAGGTCCCTTTTGGAAGGCAGCATTTGCAGACTCCAGCGGGAGGCACCCTCCTGACGCCTGCGCCTTTCGTCGCGGCCGCAAGAAACGCATTCCGTACAGCAAGGGGCAGTTGCGGGAGCTGGAGCGGGAGTATGCGGCTAACAAGTTCATCACCAAGGACAAGAGGCGCAAGATCTCGGCAGCCACCAGCCTCTCGGAGCGCCAGATTACCATCTGGTTTCAGAACCGCCGGGTCAAAGAGAAGAAGGTTCGCCAAGGTGAAGAACAGC,prostate cancer
BCL2,3,GAAGGATGGCGCACGCTGGGAGAACAGGGTACGATAACCGGGAGATAGTGATGAAGTACATCCATTATAAGCTGTCGCAGAGGGGCTACGAGTGGGATGCGGGAGATGTGGGCGCCGCGCCCCCGGGGGCCGCCCCCGCACCGGGCATCTTCTCCTCCCAGCCCGGGCACACGCCCCATCCAGCCGCATCCCGGGACCCGGTCGCCAGGA CCTCGCCGCTGCAGACCCCGGCTGCCCCCGGCGCCGCCGCGGGGCCTGCGCTCAGCCCGGTGCCACCTGTGGTCCACCTGACCCTCCGCCAGGCCGGCGACGACTTCTCCCGCCGCTACCGCCGCGACTTCGCCGAGATGTCCAGCCAGCTGCACCTGACGCCCTTCACCGCGCGGGGACGCTTTGCCACGGTGGTGGAGGAGCTCTTCAGGGACGGGGTGAACTGGGGGAGGATTGTGGCCTTCTTTGAGTTCGGTGGGGTCATGTGTGTGGAGAGCGTCAACCGGGAGATGTCGCCCCTGGTGGACAACATCGCCCTGTGGATGACTGAGTACCTGAACCGGCACCTGCACACCTGGATCCAGGATAACGGAGGCTGGGATGCCTTTGTGGAACTGTACGGCCCCAGCATGCGGCCTCTGTTTGATTTCTCCTGGCTGTCTCTGAAGACTCTGCTCAGTTTGGCCCTGGTGGGAGCTTGCATCACCCTGGGTGCCTATCTGGGCCACAAGTGAAGTCAACATGCCTGCCCCAAACAAATATGCAAAAGGTTCACTAAGCAGTAGAAATAATATGCATTGTCAGTGATGTACCATGAAACAAAGCTGCAGGCTGTTTAAGAAAAAATAACACACATATAAACATCACACACACAGACAGACACACACACACAACAATTAACAGTCTTCAGGCAAAACGTCGAATCAGCTATTTACTGCCAAAGGGAAATATCATTTATTTTTTACATTATTAAGAAAAAAAGATTTATTTATTTAAGACAGTCCCA,lymphoma/leukemia